coordinate	declared_license_names	license_urls	license_evidence_coordinate	pom_sha256	verified_artifacts
androidx.activity:activity:1.0.0	The Apache Software License, Version 2.0	http://www.apache.org/licenses/LICENSE-2.0.txt	androidx.activity:activity:1.0.0	27a4be7462629c312da0b831a0978d2076fc34074145fb61dd4e86d7c8469b82	activity-1.0.0.aar | activity-1.0.0.pom
androidx.activity:activity:1.13.0	The Apache Software License, Version 2.0	http://www.apache.org/licenses/LICENSE-2.0.txt	androidx.activity:activity:1.13.0	a5c53e074754835d30621618616e783b5b71875c2e7988ab06082348152e314e	activity-1.13.0.aar | activity-1.13.0.module
androidx.activity:activity:1.2.1	The Apache Software License, Version 2.0	http://www.apache.org/licenses/LICENSE-2.0.txt	androidx.activity:activity:1.2.1	9edbb5f2e96cadc0e1ca045b27e78c64a21a90e479b3fd06833dee7cd0b2efbe	activity-1.2.1.aar | activity-1.2.1.module
androidx.activity:activity:1.8.2	The Apache Software License, Version 2.0	http://www.apache.org/licenses/LICENSE-2.0.txt	androidx.activity:activity:1.8.2	db0c1670a2f1768e10fb9ba66c841007217678abbc66bfbb1ef1c20a53249c08	activity-1.8.2.aar | activity-1.8.2.module
androidx.activity:activity-compose:1.13.0	The Apache Software License, Version 2.0	http://www.apache.org/licenses/LICENSE-2.0.txt	androidx.activity:activity-compose:1.13.0	cb6a8ff89ffb7f107f214050e9fb32b0d0b0f665d8de7c9e4e2a4d5fea9951e9	activity-compose-1.13.0.aar | activity-compose-1.13.0.module
androidx.activity:activity-compose:1.3.0	The Apache Software License, Version 2.0	http://www.apache.org/licenses/LICENSE-2.0.txt	androidx.activity:activity-compose:1.3.0	7c500d944b123d99f45768f0b2caad7ca948ceef687dc4436d65edc16494b759	activity-compose-1.3.0.module
androidx.activity:activity-compose:1.8.2	The Apache Software License, Version 2.0	http://www.apache.org/licenses/LICENSE-2.0.txt	androidx.activity:activity-compose:1.8.2	26b69d9149961c0e6eb4f7c649d617b35d75ba41e13eaad02e375d030613bb79	activity-compose-1.8.2.aar | activity-compose-1.8.2.module
androidx.activity:activity-ktx:1.13.0	The Apache Software License, Version 2.0	http://www.apache.org/licenses/LICENSE-2.0.txt	androidx.activity:activity-ktx:1.13.0	79d63d7b13c43f92faf63ade9fc6a4ab45e8e42493dbaa138c7a736184a4c775	activity-ktx-1.13.0.aar | activity-ktx-1.13.0.module
androidx.activity:activity-ktx:1.7.0	The Apache Software License, Version 2.0	http://www.apache.org/licenses/LICENSE-2.0.txt	androidx.activity:activity-ktx:1.7.0	7049a3ae4da9caf350a2332ba0b10225dee8be8854d608a837be97d22a7193c8	activity-ktx-1.7.0.module
androidx.activity:activity-ktx:1.8.2	The Apache Software License, Version 2.0	http://www.apache.org/licenses/LICENSE-2.0.txt	androidx.activity:activity-ktx:1.8.2	3fd39fb96d84ce50b17a61c8a1584974851cd383357545567326c94a7171cedc	activity-ktx-1.8.2.aar | activity-ktx-1.8.2.module
androidx.annotation:annotation:1.6.0	The Apache Software License, Version 2.0	http://www.apache.org/licenses/LICENSE-2.0.txt	androidx.annotation:annotation:1.6.0	dd882b4c1945ad13121ecdf651eba664a9b226b55db84fa755392de5e10d1e5b	annotation-1.6.0.module
androidx.annotation:annotation:1.7.0	The Apache Software License, Version 2.0	http://www.apache.org/licenses/LICENSE-2.0.txt	androidx.annotation:annotation:1.7.0	21c618ac8c7092dd95193f05c0b196183a7ce8f1366a7a912c800ebee368a858	annotation-1.7.0.module
androidx.annotation:annotation:1.8.1	The Apache Software License, Version 2.0	http://www.apache.org/licenses/LICENSE-2.0.txt	androidx.annotation:annotation:1.8.1	b71225974ec087eb96c25ef6819f55b1c22f530e85ca446ba735fb66ed04ff5c	annotation-1.8.1.module
androidx.annotation:annotation:1.9.1	The Apache Software License, Version 2.0	http://www.apache.org/licenses/LICENSE-2.0.txt	androidx.annotation:annotation:1.9.1	c733881c2e17d5f7c8661cc02a9159cb160b7b2094a27d593916c87d3e250636	annotation-1.9.1.module
androidx.annotation:annotation-experimental:1.3.1	The Apache Software License, Version 2.0	http://www.apache.org/licenses/LICENSE-2.0.txt	androidx.annotation:annotation-experimental:1.3.1	426f94310b47bdf004dc2038daeaa943c5ce4f4b063e86f78bc536e232e3ddfc	annotation-experimental-1.3.1.module
androidx.annotation:annotation-experimental:1.4.1	The Apache Software License, Version 2.0	http://www.apache.org/licenses/LICENSE-2.0.txt	androidx.annotation:annotation-experimental:1.4.1	fe57b228417f4d7c677903dc61fb4a7cf993d603499de26d8d8113e477cc4f1b	annotation-experimental-1.4.1.aar | annotation-experimental-1.4.1.module
androidx.annotation:annotation-experimental:1.5.0	The Apache Software License, Version 2.0	http://www.apache.org/licenses/LICENSE-2.0.txt	androidx.annotation:annotation-experimental:1.5.0	7a94595399931c25a49f9af93daa4e977dc2d375458e4e74bb8d35ebcb51848d	annotation-experimental-1.5.0.aar | annotation-experimental-1.5.0.module
androidx.annotation:annotation-jvm:1.7.0	The Apache Software License, Version 2.0	http://www.apache.org/licenses/LICENSE-2.0.txt	androidx.annotation:annotation-jvm:1.7.0	2d3fcc12e707886992039266237f451140caa8f94c1e62e7fc4d602de345b0d7	annotation-jvm-1.7.0.module
androidx.annotation:annotation-jvm:1.8.1	The Apache Software License, Version 2.0	http://www.apache.org/licenses/LICENSE-2.0.txt	androidx.annotation:annotation-jvm:1.8.1	d49203733aa6fae046c3a3de4e796eed347595755486a64273989844759750b4	annotation-jvm-1.8.1.jar | annotation-jvm-1.8.1.module
androidx.annotation:annotation-jvm:1.9.1	The Apache Software License, Version 2.0	http://www.apache.org/licenses/LICENSE-2.0.txt	androidx.annotation:annotation-jvm:1.9.1	89b99c218d60019316b50aab79816707bc21696c896a030e1b1ae038961bcb8e	annotation-jvm-1.9.1.jar | annotation-jvm-1.9.1.module
androidx.appcompat:appcompat:1.1.0	The Apache Software License, Version 2.0	http://www.apache.org/licenses/LICENSE-2.0.txt	androidx.appcompat:appcompat:1.1.0	340d617121f8ef8e02a6680c8f357aa3e542276d0c8a1cdcb6fd98984b2cb7b9	appcompat-1.1.0.aar | appcompat-1.1.0.pom
androidx.appcompat:appcompat-resources:1.1.0	The Apache Software License, Version 2.0	http://www.apache.org/licenses/LICENSE-2.0.txt	androidx.appcompat:appcompat-resources:1.1.0	046011e16cb01b6f14842565661551110ef1b6427483f5d9068493f4c49690f2	appcompat-resources-1.1.0.aar | appcompat-resources-1.1.0.pom
androidx.arch.core:core-common:2.0.1	The Apache Software License, Version 2.0	http://www.apache.org/licenses/LICENSE-2.0.txt	androidx.arch.core:core-common:2.0.1	25e8d785ec2c7c99e2b3b4e88d0c0da7083530a7aca80c8583534a92dad93935	core-common-2.0.1.pom
androidx.arch.core:core-common:2.1.0	The Apache Software License, Version 2.0	http://www.apache.org/licenses/LICENSE-2.0.txt	androidx.arch.core:core-common:2.1.0	83bbb3960eaabc600ac366c94cb59414e441532a1d6aa9388b0b8bfface5cf01	core-common-2.1.0.pom
androidx.arch.core:core-common:2.2.0	The Apache Software License, Version 2.0	http://www.apache.org/licenses/LICENSE-2.0.txt	androidx.arch.core:core-common:2.2.0	1e17d4af8d6425be2a69f8af4d654a87e0456259a9eef1542869bcb023547e28	core-common-2.2.0.jar | core-common-2.2.0.module
androidx.arch.core:core-runtime:2.1.0	The Apache Software License, Version 2.0	http://www.apache.org/licenses/LICENSE-2.0.txt	androidx.arch.core:core-runtime:2.1.0	c0c4ed0160cd2ca18390015de8b392b697c173327c6b2c0947d4e62f6958c05d	core-runtime-2.1.0.aar | core-runtime-2.1.0.pom
androidx.arch.core:core-runtime:2.2.0	The Apache Software License, Version 2.0	http://www.apache.org/licenses/LICENSE-2.0.txt	androidx.arch.core:core-runtime:2.2.0	0f953706598140d9d8735cdd5aeb1fa35933f4e2f31c0bf3eb81a053a4c8c1a5	core-runtime-2.2.0.aar | core-runtime-2.2.0.module
androidx.autofill:autofill:1.0.0	The Apache Software License, Version 2.0	http://www.apache.org/licenses/LICENSE-2.0.txt	androidx.autofill:autofill:1.0.0	3677abead5d4e06cf76cbacb954151e051779c2274494451fb424e375aa9e450	autofill-1.0.0.aar | autofill-1.0.0.pom
androidx.camera:camera-camera2:1.6.1	The Apache Software License, Version 2.0	http://www.apache.org/licenses/LICENSE-2.0.txt	androidx.camera:camera-camera2:1.6.1	6fc5db84500614f88010b7ef3f517a71d394782389a990dc234f340f848c20b3	camera-camera2-1.6.1.aar | camera-camera2-1.6.1.module
androidx.camera:camera-camera2-pipe:1.6.1	The Apache Software License, Version 2.0	http://www.apache.org/licenses/LICENSE-2.0.txt	androidx.camera:camera-camera2-pipe:1.6.1	ddfd3664652ba5f0a401f0b08250664c11b86aefbae558f26a52aab138858ba0	camera-camera2-pipe-1.6.1.aar | camera-camera2-pipe-1.6.1.module
androidx.camera:camera-core:1.6.1	The Apache Software License, Version 2.0 | BSD-3-Clause	http://www.apache.org/licenses/LICENSE-2.0.txt | https://opensource.org/licenses/BSD-3-Clause	androidx.camera:camera-core:1.6.1	6f573cb03b5eb52e91b8dd54be1395f74ffcbe181189cca01c26bbdc0e49971d	camera-core-1.6.1.aar | camera-core-1.6.1.module
androidx.camera:camera-lifecycle:1.6.1	The Apache Software License, Version 2.0	http://www.apache.org/licenses/LICENSE-2.0.txt	androidx.camera:camera-lifecycle:1.6.1	11d06c48fb13cf82eb78c3c08e0d32b03b6c706aebac3a4d1d38d9f6c81ed855	camera-lifecycle-1.6.1.aar | camera-lifecycle-1.6.1.module
androidx.camera:camera-video:1.6.1	The Apache Software License, Version 2.0	http://www.apache.org/licenses/LICENSE-2.0.txt	androidx.camera:camera-video:1.6.1	0d99e0864dfb9917f5490604bea3b8176cc67bb179acddf4172e2dc9db01b22f	camera-video-1.6.1.aar | camera-video-1.6.1.module
androidx.camera:camera-view:1.6.1	The Apache Software License, Version 2.0	http://www.apache.org/licenses/LICENSE-2.0.txt	androidx.camera:camera-view:1.6.1	f2ef17a7673ab491de3402a5722d509c503492d7d35b3f9a519271d069812a14	camera-view-1.6.1.aar | camera-view-1.6.1.module
androidx.camera.featurecombinationquery:featurecombinationquery:1.6.1	The Apache Software License, Version 2.0	http://www.apache.org/licenses/LICENSE-2.0.txt	androidx.camera.featurecombinationquery:featurecombinationquery:1.6.1	95787b6625214e9c8ebefcfcce33f40579de00ea69445ef9c59a1190235a0d5e	featurecombinationquery-1.6.1.aar | featurecombinationquery-1.6.1.module
androidx.camera.viewfinder:viewfinder-core:1.5.1	The Apache Software License, Version 2.0	http://www.apache.org/licenses/LICENSE-2.0.txt	androidx.camera.viewfinder:viewfinder-core:1.5.1	064073c759c8a10cfe0faa49e63a2377a2863e7cf3843bb408bb87d131c917c7	viewfinder-core-1.5.1.aar | viewfinder-core-1.5.1.module
androidx.collection:collection:1.0.0	The Apache Software License, Version 2.0	http://www.apache.org/licenses/LICENSE-2.0.txt	androidx.collection:collection:1.0.0	a7913a5275ad68e555d2612ebe8c14c367b153e14ca48a1872a64899020e54ef	collection-1.0.0.jar | collection-1.0.0.pom
androidx.collection:collection:1.1.0	The Apache Software License, Version 2.0	http://www.apache.org/licenses/LICENSE-2.0.txt	androidx.collection:collection:1.1.0	67e9066ca4acfdc6e3cc508293c31ba0398057ff118e4f70b1e1813c9a3456d1	collection-1.1.0.pom
androidx.collection:collection:1.4.2	The Apache Software License, Version 2.0	http://www.apache.org/licenses/LICENSE-2.0.txt	androidx.collection:collection:1.4.2	4f2615a17aeacfe12b68298214a19f2a19c68c66d590075bdbbfb659ebce2b7f	collection-1.4.2.module
androidx.collection:collection:1.4.5	The Apache Software License, Version 2.0	http://www.apache.org/licenses/LICENSE-2.0.txt	androidx.collection:collection:1.4.5	0c0dfdce57da50b7e9ca27d3b19bffbe3b98f31ddc7e03cd584cf77809a7b349	collection-1.4.5.module
androidx.collection:collection:1.5.0	The Apache Software License, Version 2.0	http://www.apache.org/licenses/LICENSE-2.0.txt	androidx.collection:collection:1.5.0	2d65c8d0b36d4b4faadc44aff9bade23d871d7159eedf2b3f02d802b34b77a57	collection-1.5.0.module
androidx.collection:collection-jvm:1.4.2	The Apache Software License, Version 2.0	http://www.apache.org/licenses/LICENSE-2.0.txt	androidx.collection:collection-jvm:1.4.2	adbb379e2b160f08e63e341ad04bbcc7033f6d868ec51ac11e4334642a4e39ef	collection-jvm-1.4.2.jar | collection-jvm-1.4.2.module
androidx.collection:collection-jvm:1.5.0	The Apache Software License, Version 2.0	http://www.apache.org/licenses/LICENSE-2.0.txt	androidx.collection:collection-jvm:1.5.0	11c415864d3402f61d426e67210158dce1b04680412526a994f1823ecd3cb388	collection-jvm-1.5.0.jar | collection-jvm-1.5.0.module
androidx.collection:collection-ktx:1.5.0	The Apache Software License, Version 2.0	http://www.apache.org/licenses/LICENSE-2.0.txt	androidx.collection:collection-ktx:1.5.0	983f8d0630d072d5bfcd166a498ac7213f3a44a98c09051004ce96429d867cea	collection-ktx-1.5.0.jar | collection-ktx-1.5.0.module
androidx.compose:compose-bom:2026.03.01	The Apache Software License, Version 2.0	http://www.apache.org/licenses/LICENSE-2.0.txt	androidx.compose:compose-bom:2026.03.01	e4261464f9a4e024994f9ab527a0a99251b4d24868f2d3518f1e2f4cf631d3dd	compose-bom-2026.03.01.pom
androidx.compose.animation:animation:1.10.6	The Apache Software License, Version 2.0	http://www.apache.org/licenses/LICENSE-2.0.txt	androidx.compose.animation:animation:1.10.6	224bc594620754490655776794cf71e2f625d0ff5117a5194b0e7ff2578fc17d	animation-1.10.6.module
androidx.compose.animation:animation-android:1.10.6	The Apache Software License, Version 2.0	http://www.apache.org/licenses/LICENSE-2.0.txt	androidx.compose.animation:animation-android:1.10.6	653d249c42db47a70fd8386c70cdc76e3dcb03953f3670cf4a9c7c1b98f4b258	animation-android-1.10.6.module | animation.aar
androidx.compose.animation:animation-core:1.10.6	The Apache Software License, Version 2.0	http://www.apache.org/licenses/LICENSE-2.0.txt	androidx.compose.animation:animation-core:1.10.6	0195b570e48eb47b3fa5239cb2d55efa4b309ec809ca541868f6fd63b1d3f53e	animation-core-1.10.6.module
androidx.compose.animation:animation-core-android:1.10.6	The Apache Software License, Version 2.0	http://www.apache.org/licenses/LICENSE-2.0.txt	androidx.compose.animation:animation-core-android:1.10.6	78ba33dbfe52db43c98e4623350f53ff4f5a96e9eeeda07e73a7ebf5e2aa7232	animation-core-android-1.10.6.module | animation-core.aar
androidx.compose.foundation:foundation:1.10.6	The Apache Software License, Version 2.0	http://www.apache.org/licenses/LICENSE-2.0.txt	androidx.compose.foundation:foundation:1.10.6	694ab510048fce813415799c2f4b3c3720806c93b3d24d9a449a9decb773d6fa	foundation-1.10.6.module
androidx.compose.foundation:foundation-android:1.10.6	The Apache Software License, Version 2.0	http://www.apache.org/licenses/LICENSE-2.0.txt	androidx.compose.foundation:foundation-android:1.10.6	96ef3e5ed775dffae422bfa8c71319598342a4e02bcdde9a4aa00736ff0e4fd4	foundation-android-1.10.6.module | foundation.aar
androidx.compose.foundation:foundation-layout:1.10.6	The Apache Software License, Version 2.0	http://www.apache.org/licenses/LICENSE-2.0.txt	androidx.compose.foundation:foundation-layout:1.10.6	f0b520c4e94fdd53fcbe5dce1360181e527a5b3bc9eabacce2adfd15b24a7192	foundation-layout-1.10.6.module
androidx.compose.foundation:foundation-layout-android:1.10.6	The Apache Software License, Version 2.0	http://www.apache.org/licenses/LICENSE-2.0.txt	androidx.compose.foundation:foundation-layout-android:1.10.6	d9fc40a6bd8587b1cc2ba1c57b464bf14bbae61a2526bd44c4a54823992464ca	foundation-layout-android-1.10.6.module | foundation-layout.aar
androidx.compose.material:material-ripple:1.10.6	The Apache Software License, Version 2.0	http://www.apache.org/licenses/LICENSE-2.0.txt	androidx.compose.material:material-ripple:1.10.6	b1257bedb093cbea96cc304862c000293d8d3c89e8363108fc7d228c443fa005	material-ripple-1.10.6.module
androidx.compose.material:material-ripple-android:1.10.6	The Apache Software License, Version 2.0	http://www.apache.org/licenses/LICENSE-2.0.txt	androidx.compose.material:material-ripple-android:1.10.6	cfeac893797d54a061ec99b214c7aae624a8875e51176e7edd8fbfd9f87c94bf	material-ripple-android-1.10.6.module | material-ripple.aar
androidx.compose.material3:material3:1.4.0	The Apache Software License, Version 2.0	http://www.apache.org/licenses/LICENSE-2.0.txt	androidx.compose.material3:material3:1.4.0	672b431f59c8e0a8522690b2f46f1b7966710638893c60c31c5f19f8472d62cc	material3-1.4.0.module
androidx.compose.material3:material3-android:1.4.0	The Apache Software License, Version 2.0	http://www.apache.org/licenses/LICENSE-2.0.txt	androidx.compose.material3:material3-android:1.4.0	cc0362653240708a010de50fee8caf884a610fbb10b6013e86694d77c43febc7	material3-android-1.4.0.module | material3.aar
androidx.compose.runtime:runtime:1.10.6	The Apache Software License, Version 2.0	http://www.apache.org/licenses/LICENSE-2.0.txt	androidx.compose.runtime:runtime:1.10.6	369629d91212f8932f5357f2588ca57b4e09c170f63e29dafb33d3e278e077e5	runtime-1.10.6.module
androidx.compose.runtime:runtime-android:1.10.6	The Apache Software License, Version 2.0	http://www.apache.org/licenses/LICENSE-2.0.txt	androidx.compose.runtime:runtime-android:1.10.6	0c59c80eeeb78727c78e6fc04ba2ef7916c20dbb11935db12030c97d8f9e9cb4	runtime-android-1.10.6.module | runtime.aar
androidx.compose.runtime:runtime-annotation:1.10.6	The Apache Software License, Version 2.0	http://www.apache.org/licenses/LICENSE-2.0.txt	androidx.compose.runtime:runtime-annotation:1.10.6	db53b88fa3c96ef89accc29878af1f2a0ad6db4c72c71eb07fafc5c945808155	runtime-annotation-1.10.6.module
androidx.compose.runtime:runtime-annotation-android:1.10.6	The Apache Software License, Version 2.0	http://www.apache.org/licenses/LICENSE-2.0.txt	androidx.compose.runtime:runtime-annotation-android:1.10.6	00d0ffef9f1381b51e8cc4c8337005e39803d61b69c39092c1c17b0a9beb884f	runtime-annotation-android-1.10.6.module | runtime-annotation.aar
androidx.compose.runtime:runtime-retain:1.10.6	The Apache Software License, Version 2.0	http://www.apache.org/licenses/LICENSE-2.0.txt	androidx.compose.runtime:runtime-retain:1.10.6	d3a9ce053e8fdb393c62a37a284a271be500052a60e1b833c3c017967ae777d8	runtime-retain-1.10.6.module
androidx.compose.runtime:runtime-retain-android:1.10.6	The Apache Software License, Version 2.0	http://www.apache.org/licenses/LICENSE-2.0.txt	androidx.compose.runtime:runtime-retain-android:1.10.6	e664d5c4b264b398706dae09c370aed251b45ec58cd6563805cb7cc5087c1c71	runtime-retain-android-1.10.6.module | runtime-retain.aar
androidx.compose.runtime:runtime-saveable:1.10.6	The Apache Software License, Version 2.0	http://www.apache.org/licenses/LICENSE-2.0.txt	androidx.compose.runtime:runtime-saveable:1.10.6	b2a09472a04cd36198d23e30cb336afa064bc816a51846f7217003a0c9e2a052	runtime-saveable-1.10.6.module
androidx.compose.runtime:runtime-saveable-android:1.10.6	The Apache Software License, Version 2.0	http://www.apache.org/licenses/LICENSE-2.0.txt	androidx.compose.runtime:runtime-saveable-android:1.10.6	369d43b4c7ec8c2604e1bc0cec972d7c46cc978ca4c477ccde69b3c1e6b30c77	runtime-saveable-android-1.10.6.module | runtime-saveable.aar
androidx.compose.ui:ui:1.0.1	The Apache Software License, Version 2.0	http://www.apache.org/licenses/LICENSE-2.0.txt	androidx.compose.ui:ui:1.0.1	21f65ac349f79bc60d8466d0eb80cd063f1852f44caca4a1c9f37c19a9ddbd66	ui-1.0.1.module
androidx.compose.ui:ui:1.10.6	The Apache Software License, Version 2.0	http://www.apache.org/licenses/LICENSE-2.0.txt	androidx.compose.ui:ui:1.10.6	54b6c198f1f8f75e6a90ec088ecd30dd91392ac28077168777e13baca11c7283	ui-1.10.6.module
androidx.compose.ui:ui-android:1.10.6	The Apache Software License, Version 2.0	http://www.apache.org/licenses/LICENSE-2.0.txt	androidx.compose.ui:ui-android:1.10.6	d63718b2d5014f0a30307a2f4cf1c0015dc9dd61c016565e2d801f14befc2ce8	ui-android-1.10.6.module | ui.aar
androidx.compose.ui:ui-geometry:1.10.6	The Apache Software License, Version 2.0	http://www.apache.org/licenses/LICENSE-2.0.txt	androidx.compose.ui:ui-geometry:1.10.6	a7cc4540fbb13750b9e707d1ef740d2fa1706cbfd9c3dafea32aaba84cf3b041	ui-geometry-1.10.6.module
androidx.compose.ui:ui-geometry-android:1.10.6	The Apache Software License, Version 2.0	http://www.apache.org/licenses/LICENSE-2.0.txt	androidx.compose.ui:ui-geometry-android:1.10.6	27f21f4c16438b974de4f94ea4c895e562824c8bf80b504fcc433dabf9828cfa	ui-geometry-android-1.10.6.module | ui-geometry.aar
androidx.compose.ui:ui-graphics:1.10.6	The Apache Software License, Version 2.0	http://www.apache.org/licenses/LICENSE-2.0.txt	androidx.compose.ui:ui-graphics:1.10.6	e96822c0d9a11209e8e762a8921f133f25b7924cbbe8244bcaa2f0d4845c7c20	ui-graphics-1.10.6.module
androidx.compose.ui:ui-graphics-android:1.10.6	The Apache Software License, Version 2.0	http://www.apache.org/licenses/LICENSE-2.0.txt	androidx.compose.ui:ui-graphics-android:1.10.6	116105ab778855a7734416f25f2875fda91216c9a15b132f1483d7e164ed7a43	ui-graphics-android-1.10.6.module | ui-graphics.aar
androidx.compose.ui:ui-test:1.10.6	The Apache Software License, Version 2.0	http://www.apache.org/licenses/LICENSE-2.0.txt	androidx.compose.ui:ui-test:1.10.6	63e5f9919808498db733172116f81a09a7c8417e70c2a4dfd3159e6be680a8ed	ui-test-1.10.6.module
androidx.compose.ui:ui-test-android:1.10.6	The Apache Software License, Version 2.0	http://www.apache.org/licenses/LICENSE-2.0.txt	androidx.compose.ui:ui-test-android:1.10.6	e8df602ca7da43a41e111a78ea616856dc8a9e9429966b8132c928ee878def8d	ui-test-android-1.10.6.module | ui-test.aar
androidx.compose.ui:ui-test-junit4:1.10.6	The Apache Software License, Version 2.0	http://www.apache.org/licenses/LICENSE-2.0.txt	androidx.compose.ui:ui-test-junit4:1.10.6	bcbf9917134086db5a138139ab23a5bef5458b7a08f836a3d010bef17ff4737d	ui-test-junit4-1.10.6.module
androidx.compose.ui:ui-test-junit4-android:1.10.6	The Apache Software License, Version 2.0	http://www.apache.org/licenses/LICENSE-2.0.txt	androidx.compose.ui:ui-test-junit4-android:1.10.6	b32ce0b4835f555267b7f767854067d1d2323668001e7d9a27cca4ea3da6d5fb	ui-test-junit4-android-1.10.6.module | ui-test-junit4.aar
androidx.compose.ui:ui-test-manifest:1.10.6	The Apache Software License, Version 2.0	http://www.apache.org/licenses/LICENSE-2.0.txt	androidx.compose.ui:ui-test-manifest:1.10.6	411f53271165cb53cf45a95624bc90f172d173114e1db9bf4569e2f22eff282e	ui-test-manifest-1.10.6.aar | ui-test-manifest-1.10.6.module
androidx.compose.ui:ui-text:1.10.6	The Apache Software License, Version 2.0	http://www.apache.org/licenses/LICENSE-2.0.txt	androidx.compose.ui:ui-text:1.10.6	374db72f955761b24f019527d19bcb499e2df465454f4ff0bd0764b320e61331	ui-text-1.10.6.module
androidx.compose.ui:ui-text-android:1.10.6	The Apache Software License, Version 2.0	http://www.apache.org/licenses/LICENSE-2.0.txt	androidx.compose.ui:ui-text-android:1.10.6	4f8473e95de2448ec468f33aa1367a69424540b283fbd09122be43877a35f4f4	ui-text-android-1.10.6.module | ui-text.aar
androidx.compose.ui:ui-unit:1.10.6	The Apache Software License, Version 2.0	http://www.apache.org/licenses/LICENSE-2.0.txt	androidx.compose.ui:ui-unit:1.10.6	af5dbc8140538f038b932194bf9a7750a6659db3f7d35a640ef65034d05390b3	ui-unit-1.10.6.module
androidx.compose.ui:ui-unit-android:1.10.6	The Apache Software License, Version 2.0	http://www.apache.org/licenses/LICENSE-2.0.txt	androidx.compose.ui:ui-unit-android:1.10.6	b2ba265de52d728686387fc8efab8ac64d4999f255267b2d7c404220bf8dd979	ui-unit-android-1.10.6.module | ui-unit.aar
androidx.compose.ui:ui-util:1.10.6	The Apache Software License, Version 2.0	http://www.apache.org/licenses/LICENSE-2.0.txt	androidx.compose.ui:ui-util:1.10.6	c6344829c2bd1673d21d28a20c8522330c8f5a8b8542d0c1ee355d189c110325	ui-util-1.10.6.module
androidx.compose.ui:ui-util-android:1.10.6	The Apache Software License, Version 2.0	http://www.apache.org/licenses/LICENSE-2.0.txt	androidx.compose.ui:ui-util-android:1.10.6	5cc2e3ddd19d2100f2704b5a6f17054cdb46db7d8752e04e4125ed38fe0c67ed	ui-util-android-1.10.6.module | ui-util.aar
androidx.concurrent:concurrent-futures:1.0.0	The Apache Software License, Version 2.0	http://www.apache.org/licenses/LICENSE-2.0.txt	androidx.concurrent:concurrent-futures:1.0.0	4505b9a5e30a9418b59a9ad6702c3e4193aea6e691a3d03cf220c7640ad083e2	concurrent-futures-1.0.0.pom
androidx.concurrent:concurrent-futures:1.1.0	The Apache Software License, Version 2.0	http://www.apache.org/licenses/LICENSE-2.0.txt	androidx.concurrent:concurrent-futures:1.1.0	748a34eb5d13d19d187adecaea82667fded5f1b0b98a655e13ed2e4a8b3d8ae6	concurrent-futures-1.1.0.jar | concurrent-futures-1.1.0.module
androidx.concurrent:concurrent-futures:1.2.0	The Apache Software License, Version 2.0	http://www.apache.org/licenses/LICENSE-2.0.txt	androidx.concurrent:concurrent-futures:1.2.0	6be9a98d6cd75a787eeae2a1a0a3440ebe1ab4639740df9ec028094ab59b622f	concurrent-futures-1.2.0.jar | concurrent-futures-1.2.0.module
androidx.concurrent:concurrent-futures-ktx:1.1.0	The Apache Software License, Version 2.0	http://www.apache.org/licenses/LICENSE-2.0.txt	androidx.concurrent:concurrent-futures-ktx:1.1.0	c903f8f51e3f4ea5e7e1f0a6fe3be873c357221227d103d08d7fd042f4b7570c	concurrent-futures-ktx-1.1.0.jar | concurrent-futures-ktx-1.1.0.module
androidx.concurrent:concurrent-futures-ktx:1.2.0	The Apache Software License, Version 2.0	http://www.apache.org/licenses/LICENSE-2.0.txt	androidx.concurrent:concurrent-futures-ktx:1.2.0	7869d39aa7a7754a4f311771abfd9d95ccbd7ffb27e970f8cb15fdf5b5355b6d	concurrent-futures-ktx-1.2.0.jar | concurrent-futures-ktx-1.2.0.module
androidx.core:core:1.1.0	The Apache Software License, Version 2.0	http://www.apache.org/licenses/LICENSE-2.0.txt	androidx.core:core:1.1.0	dae46132cdcd46b798425f7cb78fd65890869b6d26101ccdcd43461a4f51754c	core-1.1.0.pom
androidx.core:core:1.13.1	The Apache Software License, Version 2.0	http://www.apache.org/licenses/LICENSE-2.0.txt	androidx.core:core:1.13.1	527abfa5a8d6af748b37e1c0162d1633a2d5ea4387b0205a8b436b6214ba1cf6	core-1.13.1.module
androidx.core:core:1.16.0	The Apache Software License, Version 2.0	http://www.apache.org/licenses/LICENSE-2.0.txt	androidx.core:core:1.16.0	074974a1550221af7aa85ded6903c3d84c9bdedf9e6b4ff3b0cb471329b5ac77	core-1.16.0.aar | core-1.16.0.module
androidx.core:core:1.18.0	The Apache Software License, Version 2.0	http://www.apache.org/licenses/LICENSE-2.0.txt	androidx.core:core:1.18.0	57d644ebb37d309ad959d740157d8e8424e273b9c672842e4f4c758edc6d30e7	core-1.18.0.aar | core-1.18.0.module
androidx.core:core:1.2.0	The Apache Software License, Version 2.0	http://www.apache.org/licenses/LICENSE-2.0.txt	androidx.core:core:1.2.0	3d1f4e37b77dd92353879a040ab4ce2f706798bcbdf066147491c3642b3f79a6	core-1.2.0.aar | core-1.2.0.pom
androidx.core:core:1.3.2	The Apache Software License, Version 2.0	http://www.apache.org/licenses/LICENSE-2.0.txt	androidx.core:core:1.3.2	afb5ea494dd083ed404cd51f580d218e37362f8ae326e893bee521290ed34920	core-1.3.2.pom
androidx.core:core:1.7.0	The Apache Software License, Version 2.0	http://www.apache.org/licenses/LICENSE-2.0.txt	androidx.core:core:1.7.0	6c4e7ff09a769cf49ec56705c02ca5caaa25fb2b035e2a3135f1d9787c61702c	core-1.7.0.module
androidx.core:core-backported-fixes:1.0.0	The Apache Software License, Version 2.0	http://www.apache.org/licenses/LICENSE-2.0.txt	androidx.core:core-backported-fixes:1.0.0	539ad0c516cb9465acf63ca651a97e4d168e284e3a1c63c2326668acd046f68e	core-backported-fixes-1.0.0.aar | core-backported-fixes-1.0.0.module
androidx.core:core-ktx:1.12.0	The Apache Software License, Version 2.0	http://www.apache.org/licenses/LICENSE-2.0.txt	androidx.core:core-ktx:1.12.0	d719c42b2aadc06e9d6f53acc540fb800501824125a016572cc6cffdad93099a	core-ktx-1.12.0.module
androidx.core:core-ktx:1.16.0	The Apache Software License, Version 2.0	http://www.apache.org/licenses/LICENSE-2.0.txt	androidx.core:core-ktx:1.16.0	4660cfb606ed89828ba3e10f79b29809ffb677ee5d2346fe9bcb03dfc4b9b645	core-ktx-1.16.0.aar | core-ktx-1.16.0.module
androidx.core:core-ktx:1.18.0	The Apache Software License, Version 2.0	http://www.apache.org/licenses/LICENSE-2.0.txt	androidx.core:core-ktx:1.18.0	3a5e0009e06517627756b9203d9a8f055fda87b215a17b775bae568697854196	core-ktx-1.18.0.aar | core-ktx-1.18.0.module
androidx.core:core-ktx:1.2.0	The Apache Software License, Version 2.0	http://www.apache.org/licenses/LICENSE-2.0.txt	androidx.core:core-ktx:1.2.0	29eaddba4e6a35e68a128e594ebae3b72ef7e767f1b273ef93dc2ed019ff97f6	core-ktx-1.2.0.aar | core-ktx-1.2.0.pom
androidx.core:core-ktx:1.5.0	The Apache Software License, Version 2.0	http://www.apache.org/licenses/LICENSE-2.0.txt	androidx.core:core-ktx:1.5.0	04d3d961fc2be241f37a7ba17a130a60d7a33b04019916047b2f53cfb58b2911	core-ktx-1.5.0.module
androidx.core:core-ktx:1.9.0	The Apache Software License, Version 2.0	http://www.apache.org/licenses/LICENSE-2.0.txt	androidx.core:core-ktx:1.9.0	1aed224f87f76641eca02f79a8e365d72e9ccb902984f8f53183c4420c945500	core-ktx-1.9.0.module
androidx.core:core-viewtree:1.0.0	The Apache Software License, Version 2.0	http://www.apache.org/licenses/LICENSE-2.0.txt	androidx.core:core-viewtree:1.0.0	d4f2ed1176fa8c5612b80f74c952a8799142a9ed36022a1a238fde5b140580d9	core-viewtree-1.0.0.aar | core-viewtree-1.0.0.module
androidx.cursoradapter:cursoradapter:1.0.0	The Apache Software License, Version 2.0	http://www.apache.org/licenses/LICENSE-2.0.txt	androidx.cursoradapter:cursoradapter:1.0.0	62d95c89850af21030b19f14d5f7ecd6d8bcc9a3014c59002ec99624caac8100	cursoradapter-1.0.0.aar | cursoradapter-1.0.0.pom
androidx.customview:customview:1.0.0	The Apache Software License, Version 2.0	http://www.apache.org/licenses/LICENSE-2.0.txt	androidx.customview:customview:1.0.0	ce9e47b87184f5bd5e139e9becd5b26476d42d78c31bf2fdedc37acb41b9ad49	customview-1.0.0.aar | customview-1.0.0.pom
androidx.customview:customview-poolingcontainer:1.0.0	The Apache Software License, Version 2.0	http://www.apache.org/licenses/LICENSE-2.0.txt	androidx.customview:customview-poolingcontainer:1.0.0	9fa62196c4c4e79b6a58dbb38a8c022bef8db21989d7dae2da0f6f5b66289a9c	customview-poolingcontainer-1.0.0.aar | customview-poolingcontainer-1.0.0.module
androidx.databinding:databinding-common:9.1.1	The Apache Software License, Version 2.0	http://www.apache.org/licenses/LICENSE-2.0.txt	androidx.databinding:databinding-common:9.1.1	8ff9b574a47b165430a630d98c22e61fbce5b60d38fef46cc17e6f6cb7cded4d	databinding-common-9.1.1.jar | databinding-common-9.1.1.pom
androidx.databinding:databinding-compiler-common:9.1.1	The Apache Software License, Version 2.0	http://www.apache.org/licenses/LICENSE-2.0.txt	androidx.databinding:databinding-compiler-common:9.1.1	2946c02f576ba9d80e35d9e3974f9d912a7358cff50c09ef6c2b89a861c0a7b0	databinding-compiler-common-9.1.1.jar | databinding-compiler-common-9.1.1.pom
androidx.documentfile:documentfile:1.0.0	The Apache Software License, Version 2.0	http://www.apache.org/licenses/LICENSE-2.0.txt	androidx.documentfile:documentfile:1.0.0	013288a9317a552706ce625fb24493e8223288529223ec578cf855a5ae9c16e5	documentfile-1.0.0.aar | documentfile-1.0.0.pom
androidx.drawerlayout:drawerlayout:1.0.0	The Apache Software License, Version 2.0	http://www.apache.org/licenses/LICENSE-2.0.txt	androidx.drawerlayout:drawerlayout:1.0.0	da6733425a83f5ce850878fa7201082345fed7c668dd58550fdd19c0396c6fa4	drawerlayout-1.0.0.aar | drawerlayout-1.0.0.pom
androidx.dynamicanimation:dynamicanimation:1.0.0	The Apache Software License, Version 2.0	http://www.apache.org/licenses/LICENSE-2.0.txt	androidx.dynamicanimation:dynamicanimation:1.0.0	44ce22ee620d28f17301bcc60ad49b69b7d0596c2a87b054ad1e3feac7b4a898	dynamicanimation-1.0.0.aar | dynamicanimation-1.0.0.pom
androidx.emoji2:emoji2:1.2.0	The Apache Software License, Version 2.0	http://www.apache.org/licenses/LICENSE-2.0.txt	androidx.emoji2:emoji2:1.2.0	faf5955d2c9b09bba92e51569f2b928419ded05b5c9649c0453c925c7da62360	emoji2-1.2.0.module
androidx.emoji2:emoji2:1.3.0	The Apache Software License, Version 2.0	http://www.apache.org/licenses/LICENSE-2.0.txt	androidx.emoji2:emoji2:1.3.0	14ebbea8234f013211965fdd08b42ee907ce0075af321018c8c2865c2e5db0eb	emoji2-1.3.0.module
androidx.emoji2:emoji2:1.4.0	The Apache Software License, Version 2.0	http://www.apache.org/licenses/LICENSE-2.0.txt	androidx.emoji2:emoji2:1.4.0	1f67221484f7d1260eb6e2b490cd4e7046bf5cb536276d79f972ad3f198b474d	emoji2-1.4.0.aar | emoji2-1.4.0.module
androidx.exifinterface:exifinterface:1.3.6	The Apache Software License, Version 2.0	http://www.apache.org/licenses/LICENSE-2.0.txt	androidx.exifinterface:exifinterface:1.3.6	59cfe5bd98506c27617b778143eb09a6b986a5417a0b1b0fd8b875eaa8db4bab	exifinterface-1.3.6.aar | exifinterface-1.3.6.module
androidx.exifinterface:exifinterface:1.4.2	The Apache Software License, Version 2.0	http://www.apache.org/licenses/LICENSE-2.0.txt	androidx.exifinterface:exifinterface:1.4.2	b11c0763f3094d28664412b7d3316bb5d1a785810fb7b4fe5f356cd5cbcd1725	exifinterface-1.4.2.aar | exifinterface-1.4.2.module
androidx.fragment:fragment:1.1.0	The Apache Software License, Version 2.0	http://www.apache.org/licenses/LICENSE-2.0.txt	androidx.fragment:fragment:1.1.0	ef78eb27ac02ddf3545d5f8a3857c73a2837a01853f8d5fcf77251011db52544	fragment-1.1.0.aar | fragment-1.1.0.pom
androidx.graphics:graphics-path:1.0.1	The Apache Software License, Version 2.0	http://www.apache.org/licenses/LICENSE-2.0.txt	androidx.graphics:graphics-path:1.0.1	866fb357c7146f5f7678ad44e4bc6c2823d568defce1ed2805bb6c899606b228	graphics-path-1.0.1.aar | graphics-path-1.0.1.module
androidx.interpolator:interpolator:1.0.0	The Apache Software License, Version 2.0	http://www.apache.org/licenses/LICENSE-2.0.txt	androidx.interpolator:interpolator:1.0.0	0ddc07cc39699f48ecd9ec894b5830c0f09e22e82959294edf37217224c88b7b	interpolator-1.0.0.aar | interpolator-1.0.0.pom
androidx.legacy:legacy-support-core-utils:1.0.0	The Apache Software License, Version 2.0	http://www.apache.org/licenses/LICENSE-2.0.txt	androidx.legacy:legacy-support-core-utils:1.0.0	8fd093008b3ee7c06e52c78da2af980a7b47b69b967fa91dad7af466f7a00a38	legacy-support-core-utils-1.0.0.aar | legacy-support-core-utils-1.0.0.pom
androidx.lifecycle:lifecycle-common:2.0.0	The Apache Software License, Version 2.0	http://www.apache.org/licenses/LICENSE-2.0.txt	androidx.lifecycle:lifecycle-common:2.0.0	04d525073469214d0c99e81aaa875dd548ba32b82945abd8326bc50229df700d	lifecycle-common-2.0.0.pom
androidx.lifecycle:lifecycle-common:2.1.0	The Apache Software License, Version 2.0	http://www.apache.org/licenses/LICENSE-2.0.txt	androidx.lifecycle:lifecycle-common:2.1.0	692c2a60437a95220c8fbb6e8943196f255f535d1a7c58714e6c46530782f276	lifecycle-common-2.1.0.pom
androidx.lifecycle:lifecycle-common:2.10.0	The Apache Software License, Version 2.0	http://www.apache.org/licenses/LICENSE-2.0.txt	androidx.lifecycle:lifecycle-common:2.10.0	1004f4df05118b13c2a909846badc66646ed277944706a604e4dd8284d53548b	lifecycle-common-2.10.0.module
androidx.lifecycle:lifecycle-common:2.3.1	The Apache Software License, Version 2.0	http://www.apache.org/licenses/LICENSE-2.0.txt	androidx.lifecycle:lifecycle-common:2.3.1	8cd23d889a14095c6ce16840d29b1a6388fa5e115144c1309d4d6d469c1bc351	lifecycle-common-2.3.1.jar | lifecycle-common-2.3.1.module
androidx.lifecycle:lifecycle-common:2.5.1	The Apache Software License, Version 2.0	http://www.apache.org/licenses/LICENSE-2.0.txt	androidx.lifecycle:lifecycle-common:2.5.1	82d2192e3de9fdd7f45b9088e27315e7dbec02d094632faa6a39251690d28cc0	lifecycle-common-2.5.1.module
androidx.lifecycle:lifecycle-common:2.6.1	The Apache Software License, Version 2.0	http://www.apache.org/licenses/LICENSE-2.0.txt	androidx.lifecycle:lifecycle-common:2.6.1	3e66830d59fae52e1030b4be724b1e577ac814d27335fdf81a71283dc0829f1a	lifecycle-common-2.6.1.module
androidx.lifecycle:lifecycle-common:2.6.2	The Apache Software License, Version 2.0	http://www.apache.org/licenses/LICENSE-2.0.txt	androidx.lifecycle:lifecycle-common:2.6.2	57304cdac4da289a6ecdd0738e16b1d8858f1ef8e9fabe2d65a963719fd81dba	lifecycle-common-2.6.2.jar | lifecycle-common-2.6.2.module
androidx.lifecycle:lifecycle-common:2.9.4	The Apache Software License, Version 2.0	http://www.apache.org/licenses/LICENSE-2.0.txt	androidx.lifecycle:lifecycle-common:2.9.4	0e3a0c8798d26f49238550a3dc4d6bd465d49b82bcb759ca3c463a31600e721c	lifecycle-common-2.9.4.module
androidx.lifecycle:lifecycle-common-java8:2.10.0	The Apache Software License, Version 2.0	http://www.apache.org/licenses/LICENSE-2.0.txt	androidx.lifecycle:lifecycle-common-java8:2.10.0	afaa5d85193a6b108a25f6fa8a8ae3e7b2b0b2b2b7cf53597f72bcb4f5942718	lifecycle-common-java8-2.10.0.jar | lifecycle-common-java8-2.10.0.module
androidx.lifecycle:lifecycle-common-jvm:2.10.0	The Apache Software License, Version 2.0	http://www.apache.org/licenses/LICENSE-2.0.txt	androidx.lifecycle:lifecycle-common-jvm:2.10.0	ca062b9abb0298b0d40ae10c2d1ca06d4129f5f60efdc5e8c44c6c2b3375d15b	lifecycle-common-jvm-2.10.0.jar | lifecycle-common-jvm-2.10.0.module
androidx.lifecycle:lifecycle-common-jvm:2.9.4	The Apache Software License, Version 2.0	http://www.apache.org/licenses/LICENSE-2.0.txt	androidx.lifecycle:lifecycle-common-jvm:2.9.4	31735e9953aaeeab4e07fcffa4c6ab3519f90b331c4b1da8173df911607d3906	lifecycle-common-jvm-2.9.4.module
androidx.lifecycle:lifecycle-livedata:2.1.0	The Apache Software License, Version 2.0	http://www.apache.org/licenses/LICENSE-2.0.txt	androidx.lifecycle:lifecycle-livedata:2.1.0	1e4c580c995e41cd18455cfb87e3e43955be9db9ec63a8fb3c7259f01b7c4e3c	lifecycle-livedata-2.1.0.pom
androidx.lifecycle:lifecycle-livedata:2.10.0	The Apache Software License, Version 2.0	http://www.apache.org/licenses/LICENSE-2.0.txt	androidx.lifecycle:lifecycle-livedata:2.10.0	b6b93686c55a1ca8ec20e7d84a5fe341267e5dac6e390fb1cca398383111eb08	lifecycle-livedata-2.10.0.aar | lifecycle-livedata-2.10.0.module
androidx.lifecycle:lifecycle-livedata:2.3.1	The Apache Software License, Version 2.0	http://www.apache.org/licenses/LICENSE-2.0.txt	androidx.lifecycle:lifecycle-livedata:2.3.1	f8effc901d00ad433f3692b6cc22c792c2c5fbe0ac7bdab4c4da04b9b714510c	lifecycle-livedata-2.3.1.module
androidx.lifecycle:lifecycle-livedata:2.6.2	The Apache Software License, Version 2.0	http://www.apache.org/licenses/LICENSE-2.0.txt	androidx.lifecycle:lifecycle-livedata:2.6.2	d7c9e019cf68779387481877878f6c499d1786b85f2c0480e9264dd5097c51c0	lifecycle-livedata-2.6.2.aar | lifecycle-livedata-2.6.2.module
androidx.lifecycle:lifecycle-livedata-core:2.1.0	The Apache Software License, Version 2.0	http://www.apache.org/licenses/LICENSE-2.0.txt	androidx.lifecycle:lifecycle-livedata-core:2.1.0	6839d2e68c8fee4cc3bbf04e6b291a6ae842403fcd5f8d944c27814d296deff3	lifecycle-livedata-core-2.1.0.pom
androidx.lifecycle:lifecycle-livedata-core:2.10.0	The Apache Software License, Version 2.0	http://www.apache.org/licenses/LICENSE-2.0.txt	androidx.lifecycle:lifecycle-livedata-core:2.10.0	4bed5e91cd2a7c01558320b6a176dbb867fca3c4c697db948e203be45f910d64	lifecycle-livedata-core-2.10.0.aar | lifecycle-livedata-core-2.10.0.module
androidx.lifecycle:lifecycle-livedata-core:2.3.1	The Apache Software License, Version 2.0	http://www.apache.org/licenses/LICENSE-2.0.txt	androidx.lifecycle:lifecycle-livedata-core:2.3.1	fb996222e3de47f1bdeb8b36590b8c11898a4f72f9138da187365d3103a143fb	lifecycle-livedata-core-2.3.1.module
androidx.lifecycle:lifecycle-livedata-core:2.6.2	The Apache Software License, Version 2.0	http://www.apache.org/licenses/LICENSE-2.0.txt	androidx.lifecycle:lifecycle-livedata-core:2.6.2	1faf8ebf53f28b2f0ae2c2095371ae67d0ca16ac328fce7f163609a43214b5a4	lifecycle-livedata-core-2.6.2.aar | lifecycle-livedata-core-2.6.2.module
androidx.lifecycle:lifecycle-livedata-core-ktx:2.10.0	The Apache Software License, Version 2.0	http://www.apache.org/licenses/LICENSE-2.0.txt	androidx.lifecycle:lifecycle-livedata-core-ktx:2.10.0	d982082c3279eeb9c187d9897665ca9a90d3443f35dadc689261f4b27c72d9ac	lifecycle-livedata-core-ktx-2.10.0.aar | lifecycle-livedata-core-ktx-2.10.0.module
androidx.lifecycle:lifecycle-process:2.10.0	The Apache Software License, Version 2.0	http://www.apache.org/licenses/LICENSE-2.0.txt	androidx.lifecycle:lifecycle-process:2.10.0	a2c3062320873f9ac29ded1d9ca4a2415529c2e4568d53b5f2b813ec52adc664	lifecycle-process-2.10.0.aar | lifecycle-process-2.10.0.module
androidx.lifecycle:lifecycle-runtime:2.10.0	The Apache Software License, Version 2.0	http://www.apache.org/licenses/LICENSE-2.0.txt	androidx.lifecycle:lifecycle-runtime:2.10.0	4a8b5eec54d5ecdf099ea53b2e4e9f24db2967ea5d393097b6a6c549ed69308d	lifecycle-runtime-2.10.0.aar | lifecycle-runtime-2.10.0.module
androidx.lifecycle:lifecycle-runtime:2.5.1	The Apache Software License, Version 2.0	http://www.apache.org/licenses/LICENSE-2.0.txt	androidx.lifecycle:lifecycle-runtime:2.5.1	6a390ba7ac02c9004a0a454efc27f925936cc26527e82bc62caafb4fcb0f0db2	lifecycle-runtime-2.5.1.module
androidx.lifecycle:lifecycle-runtime:2.6.1	The Apache Software License, Version 2.0	http://www.apache.org/licenses/LICENSE-2.0.txt	androidx.lifecycle:lifecycle-runtime:2.6.1	41e71d003d437f169d4e8ada59cb1982f1b47b7d25c23010b8fc81d528a740d5	lifecycle-runtime-2.6.1.module
androidx.lifecycle:lifecycle-runtime:2.6.2	The Apache Software License, Version 2.0	http://www.apache.org/licenses/LICENSE-2.0.txt	androidx.lifecycle:lifecycle-runtime:2.6.2	8175255546e2a5f510865f84ace680660954730240b1905d9175b4345beda977	lifecycle-runtime-2.6.2.aar | lifecycle-runtime-2.6.2.module
androidx.lifecycle:lifecycle-runtime:2.9.4	The Apache Software License, Version 2.0	http://www.apache.org/licenses/LICENSE-2.0.txt	androidx.lifecycle:lifecycle-runtime:2.9.4	d617a519ddb36a308213f5b9af99163b0a3a3739ce0381b6c8d0fa6814613a08	lifecycle-runtime-2.9.4.module
androidx.lifecycle:lifecycle-runtime-android:2.10.0	The Apache Software License, Version 2.0	http://www.apache.org/licenses/LICENSE-2.0.txt	androidx.lifecycle:lifecycle-runtime-android:2.10.0	e97ee01daf6f4dccb900bdb7672baab5ad3c7c25c45491fdccf5eba33b6eafff	lifecycle-runtime-android-2.10.0.module | lifecycle-runtime.aar
androidx.lifecycle:lifecycle-runtime-android:2.9.4	The Apache Software License, Version 2.0	http://www.apache.org/licenses/LICENSE-2.0.txt	androidx.lifecycle:lifecycle-runtime-android:2.9.4	271e54009fdf3a2cd5ab414e8a09e6af4251b63d484a42c530ab868974a5ea1f	lifecycle-runtime-android-2.9.4.module
androidx.lifecycle:lifecycle-runtime-compose:2.10.0	The Apache Software License, Version 2.0	http://www.apache.org/licenses/LICENSE-2.0.txt	androidx.lifecycle:lifecycle-runtime-compose:2.10.0	0f790ce151911010d537cd20452675017ff25fdff1fb5cdf499bf3a05ad42caa	lifecycle-runtime-compose-2.10.0.module
androidx.lifecycle:lifecycle-runtime-compose:2.9.4	The Apache Software License, Version 2.0	http://www.apache.org/licenses/LICENSE-2.0.txt	androidx.lifecycle:lifecycle-runtime-compose:2.9.4	0ef3fb28f89b80b90c78ad6ba345164d5590889ee3459b027f26695936291575	lifecycle-runtime-compose-2.9.4.module
androidx.lifecycle:lifecycle-runtime-compose-android:2.10.0	The Apache Software License, Version 2.0	http://www.apache.org/licenses/LICENSE-2.0.txt	androidx.lifecycle:lifecycle-runtime-compose-android:2.10.0	807830efa27130649286b0061c972ad9dc0b1a61d1bfc2d71a2e8ddf71f62bc5	lifecycle-runtime-compose-android-2.10.0.module | lifecycle-runtime-compose.aar
androidx.lifecycle:lifecycle-runtime-compose-android:2.9.4	The Apache Software License, Version 2.0	http://www.apache.org/licenses/LICENSE-2.0.txt	androidx.lifecycle:lifecycle-runtime-compose-android:2.9.4	a7a073c7db10974627ba883f648a34fe8053f50c294d9192e183c901daea8c65	lifecycle-runtime-compose-android-2.9.4.module
androidx.lifecycle:lifecycle-runtime-ktx:2.10.0	The Apache Software License, Version 2.0	http://www.apache.org/licenses/LICENSE-2.0.txt	androidx.lifecycle:lifecycle-runtime-ktx:2.10.0	060ad1753381e7af9d7a5b89829f394ef6fd47f77e31ba4c812462bc37bda618	lifecycle-runtime-ktx-2.10.0.module
androidx.lifecycle:lifecycle-runtime-ktx-android:2.10.0	The Apache Software License, Version 2.0	http://www.apache.org/licenses/LICENSE-2.0.txt	androidx.lifecycle:lifecycle-runtime-ktx-android:2.10.0	5c1a269dd0f0ace87f22832883b898bd7b4252d6a87f04c17347d83e3128660e	lifecycle-runtime-ktx-android-2.10.0.module | lifecycle-runtime-ktx.aar
androidx.lifecycle:lifecycle-runtime-testing:2.10.0	The Apache Software License, Version 2.0	http://www.apache.org/licenses/LICENSE-2.0.txt	androidx.lifecycle:lifecycle-runtime-testing:2.10.0	de55485ab16d3ab092b16d91c071fb28caa80dfefcd61fe303035d413c2f20dc	lifecycle-runtime-testing-2.10.0.module
androidx.lifecycle:lifecycle-runtime-testing-android:2.10.0	The Apache Software License, Version 2.0	http://www.apache.org/licenses/LICENSE-2.0.txt	androidx.lifecycle:lifecycle-runtime-testing-android:2.10.0	c222d3aa3f86d62e6fd6e1cf967545d1dcaae743d75b4c07a6f9e13c4fd50736	lifecycle-runtime-testing-android-2.10.0.module | lifecycle-runtime-testing.aar
androidx.lifecycle:lifecycle-viewmodel:2.0.0	The Apache Software License, Version 2.0	http://www.apache.org/licenses/LICENSE-2.0.txt	androidx.lifecycle:lifecycle-viewmodel:2.0.0	60b758fd1c664089f82d1c018ed4ff7955c14a2b1620af7aa106591f733e0827	lifecycle-viewmodel-2.0.0.pom
androidx.lifecycle:lifecycle-viewmodel:2.1.0	The Apache Software License, Version 2.0	http://www.apache.org/licenses/LICENSE-2.0.txt	androidx.lifecycle:lifecycle-viewmodel:2.1.0	29aa72e339c3e227e74c973a4c85c7b79c926f0d37b61ed94f4d99a137c9a4b4	lifecycle-viewmodel-2.1.0.pom
androidx.lifecycle:lifecycle-viewmodel:2.10.0	The Apache Software License, Version 2.0	http://www.apache.org/licenses/LICENSE-2.0.txt	androidx.lifecycle:lifecycle-viewmodel:2.10.0	1d860aff0ca598d48e8e83da3f4e6769078498574a18d3b889ec2b8c4090b198	lifecycle-viewmodel-2.10.0.aar | lifecycle-viewmodel-2.10.0.module
androidx.lifecycle:lifecycle-viewmodel:2.6.2	The Apache Software License, Version 2.0	http://www.apache.org/licenses/LICENSE-2.0.txt	androidx.lifecycle:lifecycle-viewmodel:2.6.2	a9fb0b39a8360beef7bdc8f3953d4d78f3d85304fc80adac3c8eaf530d758050	lifecycle-viewmodel-2.6.2.aar | lifecycle-viewmodel-2.6.2.module
androidx.lifecycle:lifecycle-viewmodel:2.9.4	The Apache Software License, Version 2.0	http://www.apache.org/licenses/LICENSE-2.0.txt	androidx.lifecycle:lifecycle-viewmodel:2.9.4	054db6f92d9230103b3aca8b0dabcc0d63de26e440ff98eb5b19a2555d3eb037	lifecycle-viewmodel-2.9.4.module
androidx.lifecycle:lifecycle-viewmodel-android:2.10.0	The Apache Software License, Version 2.0	http://www.apache.org/licenses/LICENSE-2.0.txt	androidx.lifecycle:lifecycle-viewmodel-android:2.10.0	0aa171a50f50a85c90687ad82dcd37f31afdd1bfd2463c215d1322960e51e228	lifecycle-viewmodel-android-2.10.0.module | lifecycle-viewmodel.aar
androidx.lifecycle:lifecycle-viewmodel-android:2.9.4	The Apache Software License, Version 2.0	http://www.apache.org/licenses/LICENSE-2.0.txt	androidx.lifecycle:lifecycle-viewmodel-android:2.9.4	9660b5a2d80ffe0f0e5b4f993b581d15972a8c14aae51784b6097bc97be0379e	lifecycle-viewmodel-android-2.9.4.module
androidx.lifecycle:lifecycle-viewmodel-compose:2.10.0	The Apache Software License, Version 2.0	http://www.apache.org/licenses/LICENSE-2.0.txt	androidx.lifecycle:lifecycle-viewmodel-compose:2.10.0	480b70b66c935a1f492742ef5ae16df974d7b4957a011f2795002072d5ed5259	lifecycle-viewmodel-compose-2.10.0.module
androidx.lifecycle:lifecycle-viewmodel-compose-android:2.10.0	The Apache Software License, Version 2.0	http://www.apache.org/licenses/LICENSE-2.0.txt	androidx.lifecycle:lifecycle-viewmodel-compose-android:2.10.0	363387a71f0f312517514becd9a401ec8589fbcb8d0934a1cac3c5f05eb00c8a	lifecycle-viewmodel-compose-android-2.10.0.module | lifecycle-viewmodel-compose.aar
androidx.lifecycle:lifecycle-viewmodel-ktx:2.10.0	The Apache Software License, Version 2.0	http://www.apache.org/licenses/LICENSE-2.0.txt	androidx.lifecycle:lifecycle-viewmodel-ktx:2.10.0	e139dbb1a00ce08aaed86557aa968eec7151d6d4b304c324e2e572275aacd908	lifecycle-viewmodel-ktx-2.10.0.aar | lifecycle-viewmodel-ktx-2.10.0.module
androidx.lifecycle:lifecycle-viewmodel-savedstate:2.10.0	The Apache Software License, Version 2.0	http://www.apache.org/licenses/LICENSE-2.0.txt	androidx.lifecycle:lifecycle-viewmodel-savedstate:2.10.0	59656ffcae1e0e147043b0d6d89966a5f96752f05291ebfa028406ed94444dd1	lifecycle-viewmodel-savedstate-2.10.0.module
androidx.lifecycle:lifecycle-viewmodel-savedstate:2.6.1	The Apache Software License, Version 2.0	http://www.apache.org/licenses/LICENSE-2.0.txt	androidx.lifecycle:lifecycle-viewmodel-savedstate:2.6.1	aa34cb8586384b8e314cfd65b1813197f32f7ba71d2529a11c071eaf02741e5b	lifecycle-viewmodel-savedstate-2.6.1.module
androidx.lifecycle:lifecycle-viewmodel-savedstate-android:2.10.0	The Apache Software License, Version 2.0	http://www.apache.org/licenses/LICENSE-2.0.txt	androidx.lifecycle:lifecycle-viewmodel-savedstate-android:2.10.0	5fcd429ba57e1dde1b438534e53c23d6274d234e33c748963f6faa9f81933c87	lifecycle-viewmodel-savedstate-android-2.10.0.module | lifecycle-viewmodel-savedstate.aar
androidx.loader:loader:1.0.0	The Apache Software License, Version 2.0	http://www.apache.org/licenses/LICENSE-2.0.txt	androidx.loader:loader:1.0.0	c978d550808b47434aa49a63164110a50b55b0bcc6160a93a2e37d5110df8c5e	loader-1.0.0.aar | loader-1.0.0.pom
androidx.localbroadcastmanager:localbroadcastmanager:1.0.0	The Apache Software License, Version 2.0	http://www.apache.org/licenses/LICENSE-2.0.txt	androidx.localbroadcastmanager:localbroadcastmanager:1.0.0	a000041f5a1f79283c5175e1bb60cf3683780f401c6a9d34fbe9751253fa6ff9	localbroadcastmanager-1.0.0.aar | localbroadcastmanager-1.0.0.pom
androidx.media3:media3-common:1.11.0	The Apache Software License, Version 2.0	http://www.apache.org/licenses/LICENSE-2.0.txt	androidx.media3:media3-common:1.11.0	2a5965ff854b35afeea3d8636db2c3d23fedfdea048edce3b221c7e62c528370	media3-common-1.11.0.aar | media3-common-1.11.0.module
androidx.media3:media3-common:1.9.0	The Apache Software License, Version 2.0	http://www.apache.org/licenses/LICENSE-2.0.txt	androidx.media3:media3-common:1.9.0	aed17d81e85da98ea766f9232f2a09fa9f1ab1433fbb824a8a4892d0e82ac0fc	media3-common-1.9.0.aar | media3-common-1.9.0.module
androidx.media3:media3-container:1.11.0	The Apache Software License, Version 2.0	http://www.apache.org/licenses/LICENSE-2.0.txt	androidx.media3:media3-container:1.11.0	dadb4850002322170c78b53b6325a16118562aaf568800ba7a635799f42d417c	media3-container-1.11.0.aar | media3-container-1.11.0.module
androidx.media3:media3-container:1.9.0	The Apache Software License, Version 2.0	http://www.apache.org/licenses/LICENSE-2.0.txt	androidx.media3:media3-container:1.9.0	0120edcd6ce534b59d9ad4f1c5d8e6683fac283fe1a99359616d21664d5a4fbe	media3-container-1.9.0.aar | media3-container-1.9.0.module
androidx.media3:media3-database:1.11.0	The Apache Software License, Version 2.0	http://www.apache.org/licenses/LICENSE-2.0.txt	androidx.media3:media3-database:1.11.0	951d795778085be496046b11743865f8c4f9e7c385ed163c38bcacb185177e5e	media3-database-1.11.0.aar | media3-database-1.11.0.module
androidx.media3:media3-datasource:1.11.0	The Apache Software License, Version 2.0	http://www.apache.org/licenses/LICENSE-2.0.txt	androidx.media3:media3-datasource:1.11.0	2d2b4880cd083dff95bae49c79920bbc9506c97d211e5441f5c84f00f6ccaf99	media3-datasource-1.11.0.aar | media3-datasource-1.11.0.module
androidx.media3:media3-decoder:1.11.0	The Apache Software License, Version 2.0	http://www.apache.org/licenses/LICENSE-2.0.txt	androidx.media3:media3-decoder:1.11.0	f1af02b4a8aaef146a7a38a2a40b3e24fa68b6abeb5759e4437bb837c4384df2	media3-decoder-1.11.0.aar | media3-decoder-1.11.0.module
androidx.media3:media3-exoplayer:1.11.0	The Apache Software License, Version 2.0	http://www.apache.org/licenses/LICENSE-2.0.txt	androidx.media3:media3-exoplayer:1.11.0	512bbc61741043aa72b9c2d9309ba70eaff2e835102be39b02431e78ffe3c7e5	media3-exoplayer-1.11.0.aar | media3-exoplayer-1.11.0.module
androidx.media3:media3-extractor:1.11.0	The Apache Software License, Version 2.0	http://www.apache.org/licenses/LICENSE-2.0.txt	androidx.media3:media3-extractor:1.11.0	f0f68398875088676404b6643773ba3c534a5edf68f12c2c9e73c27210752e05	media3-extractor-1.11.0.aar | media3-extractor-1.11.0.module
androidx.media3:media3-muxer:1.11.0	The Apache Software License, Version 2.0	http://www.apache.org/licenses/LICENSE-2.0.txt	androidx.media3:media3-muxer:1.11.0	42a034c1cbe322dd80c13aaeb22b7ced6a5af73fce347794ca55d07aa0ceeadc	media3-muxer-1.11.0.aar | media3-muxer-1.11.0.module
androidx.media3:media3-muxer:1.9.0	The Apache Software License, Version 2.0	http://www.apache.org/licenses/LICENSE-2.0.txt	androidx.media3:media3-muxer:1.9.0	47ca0d154bf41be19dff266aef5ca76cc327460233e5db6a09cebfb81dd3b6e6	media3-muxer-1.9.0.aar | media3-muxer-1.9.0.module
androidx.media3:media3-ui:1.11.0	The Apache Software License, Version 2.0	http://www.apache.org/licenses/LICENSE-2.0.txt	androidx.media3:media3-ui:1.11.0	16e6f8f969803e295b118401eb674f4537a2206bbe0b5fb7e450e8e7a178605a	media3-ui-1.11.0.aar | media3-ui-1.11.0.module
androidx.navigationevent:navigationevent:1.0.0	The Apache Software License, Version 2.0	http://www.apache.org/licenses/LICENSE-2.0.txt	androidx.navigationevent:navigationevent:1.0.0	de7fae42b4234f6fedc7762510bcb5db9860187be56f3bfec34b73db6e4a22a2	navigationevent-1.0.0.module
androidx.navigationevent:navigationevent-android:1.0.0	The Apache Software License, Version 2.0	http://www.apache.org/licenses/LICENSE-2.0.txt	androidx.navigationevent:navigationevent-android:1.0.0	5cabbb40f3fba11166576a839acf4eb6db59ab5e5ebcb16361d41f8bec805b50	navigationevent-android-1.0.0.module | navigationevent.aar
androidx.navigationevent:navigationevent-compose:1.0.0	The Apache Software License, Version 2.0	http://www.apache.org/licenses/LICENSE-2.0.txt	androidx.navigationevent:navigationevent-compose:1.0.0	58899c64fefa0768066621c8994385182c52a0848a78c882705f5e7dabd98471	navigationevent-compose-1.0.0.module
androidx.navigationevent:navigationevent-compose-android:1.0.0	The Apache Software License, Version 2.0	http://www.apache.org/licenses/LICENSE-2.0.txt	androidx.navigationevent:navigationevent-compose-android:1.0.0	6a3b7e989b18ab25274dbd0531dcc4d66e4efb8de4985daff539d5131285bff8	navigationevent-compose-android-1.0.0.module | navigationevent-compose.aar
androidx.print:print:1.0.0	The Apache Software License, Version 2.0	http://www.apache.org/licenses/LICENSE-2.0.txt	androidx.print:print:1.0.0	62482c0594841bee24bb996abb6cb7b320a6a3b77dca9f0a0ba4fe3be5530aa7	print-1.0.0.aar | print-1.0.0.pom
androidx.profileinstaller:profileinstaller:1.3.0	The Apache Software License, Version 2.0	http://www.apache.org/licenses/LICENSE-2.0.txt	androidx.profileinstaller:profileinstaller:1.3.0	12cbc01c8a5ae4b412caf3c5a0662ccd28002dedcff1dbe6c2ab3665be9f758c	profileinstaller-1.3.0.aar | profileinstaller-1.3.0.module
androidx.profileinstaller:profileinstaller:1.4.0	The Apache Software License, Version 2.0	http://www.apache.org/licenses/LICENSE-2.0.txt	androidx.profileinstaller:profileinstaller:1.4.0	d5fe39981a3b4b7c39585130da0bfc93835054c834a438d3e63e065e5f78be55	profileinstaller-1.4.0.aar | profileinstaller-1.4.0.module
androidx.recyclerview:recyclerview:1.3.0	The Apache Software License, Version 2.0	http://www.apache.org/licenses/LICENSE-2.0.txt	androidx.recyclerview:recyclerview:1.3.0	234b2814e75a6aa947e1d0718b2a70dd1d3ab8a0c4b0ccecbb395df8468ed173	recyclerview-1.3.0.aar | recyclerview-1.3.0.module
androidx.room:room-common:2.8.4	The Apache Software License, Version 2.0	http://www.apache.org/licenses/LICENSE-2.0.txt	androidx.room:room-common:2.8.4	681e3f6fd5308843aefbbb474dd3638ffd685d1ad8f7fa96b8559e5ea5ef202c	room-common-2.8.4.module
androidx.room:room-common-jvm:2.8.4	The Apache Software License, Version 2.0	http://www.apache.org/licenses/LICENSE-2.0.txt	androidx.room:room-common-jvm:2.8.4	1c8f5bd00eacfc4be791390ad0d953aaee07644a91425490de790245d36a73b7	room-common-jvm-2.8.4.jar | room-common-jvm-2.8.4.module
androidx.room:room-compiler:2.8.4	The Apache Software License, Version 2.0	http://www.apache.org/licenses/LICENSE-2.0.txt	androidx.room:room-compiler:2.8.4	c0b03da62eb6295fd88508db541d1ac9de6099b216de9a586846da0825fd5b06	room-compiler-2.8.4.jar | room-compiler-2.8.4.module
androidx.room:room-compiler-processing:2.8.4	The Apache Software License, Version 2.0	http://www.apache.org/licenses/LICENSE-2.0.txt	androidx.room:room-compiler-processing:2.8.4	100a0d58497d490bc6e05ca6dea0a2510150150fd173a108e08a4dc450f564c5	room-compiler-processing-2.8.4.jar | room-compiler-processing-2.8.4.module
androidx.room:room-external-antlr:2.8.4	BSD-3-Clause	https://opensource.org/licenses/BSD-3-Clause	androidx.room:room-external-antlr:2.8.4	a37906f2556db6b30aedc6de4755f6fb74dc5292f1363c7082a8afb39e73479e	room-external-antlr-2.8.4.jar | room-external-antlr-2.8.4.module
androidx.room:room-ktx:2.8.4	The Apache Software License, Version 2.0	http://www.apache.org/licenses/LICENSE-2.0.txt	androidx.room:room-ktx:2.8.4	98d08b944bfe947e4e3e3ae666473a8db19ae86e1ad5636d2904b6cc80bc80e4	room-ktx-2.8.4.aar | room-ktx-2.8.4.module
androidx.room:room-migration:2.8.4	The Apache Software License, Version 2.0	http://www.apache.org/licenses/LICENSE-2.0.txt	androidx.room:room-migration:2.8.4	82b0aea3543674608a919358348c314f0d2a70984fd9823f041a2bbb7d418ae6	room-migration-2.8.4.module
androidx.room:room-migration-jvm:2.8.4	The Apache Software License, Version 2.0	http://www.apache.org/licenses/LICENSE-2.0.txt	androidx.room:room-migration-jvm:2.8.4	5879e4ee8629e22aa0fa344676c2efa605f6838abb48af8ef20d5570705a6afa	room-migration-jvm-2.8.4.jar | room-migration-jvm-2.8.4.module
androidx.room:room-runtime:2.8.4	The Apache Software License, Version 2.0	http://www.apache.org/licenses/LICENSE-2.0.txt	androidx.room:room-runtime:2.8.4	61b13fd132369dd7c3fb9d0b3076ceefa8e57ec699a8e03fb87aecb81cedd99b	room-runtime-2.8.4.module
androidx.room:room-runtime-android:2.8.4	The Apache Software License, Version 2.0	http://www.apache.org/licenses/LICENSE-2.0.txt	androidx.room:room-runtime-android:2.8.4	80a198f43bb65bd7b0edfa19ee2c26e144bf379141c30be3a071a47a157b65e7	room-runtime-android-2.8.4.module | room-runtime.aar
androidx.room:room-testing:2.8.4	The Apache Software License, Version 2.0	http://www.apache.org/licenses/LICENSE-2.0.txt	androidx.room:room-testing:2.8.4	a29e99b9fd4637a893d0803ea9a524e91bd237e6da14e292cbfd904e3bfde395	room-testing-2.8.4.module
androidx.room:room-testing-android:2.8.4	The Apache Software License, Version 2.0	http://www.apache.org/licenses/LICENSE-2.0.txt	androidx.room:room-testing-android:2.8.4	7e0b899f27071d42d0214b9d6d43e87eaec041d1d625260a88dbe2644ee11888	room-testing-android-2.8.4.module | room-testing.aar
androidx.savedstate:savedstate:1.0.0	The Apache Software License, Version 2.0	http://www.apache.org/licenses/LICENSE-2.0.txt	androidx.savedstate:savedstate:1.0.0	844d7d22fcea798c78bf5559229daf88ec9cad8136f5eea0a29aa76b3f8fde7c	savedstate-1.0.0.aar | savedstate-1.0.0.pom
androidx.savedstate:savedstate:1.1.0	The Apache Software License, Version 2.0	http://www.apache.org/licenses/LICENSE-2.0.txt	androidx.savedstate:savedstate:1.1.0	49784b75cb499bb9f8137d823a872f0c6da5ca6dba7c9acf2de3a683cb7db6dc	savedstate-1.1.0.module
androidx.savedstate:savedstate:1.2.1	The Apache Software License, Version 2.0	http://www.apache.org/licenses/LICENSE-2.0.txt	androidx.savedstate:savedstate:1.2.1	0d33bc285df1e12f22780f1624a6f0b38ea2a6181b0955ec6641caf620c50cbf	savedstate-1.2.1.module
androidx.savedstate:savedstate:1.3.1	The Apache Software License, Version 2.0	http://www.apache.org/licenses/LICENSE-2.0.txt	androidx.savedstate:savedstate:1.3.1	1a12e8ec533c6b552d497dfb47fad1a39cd0b996397b74b96037a8e1bade5b59	savedstate-1.3.1.module
androidx.savedstate:savedstate:1.4.0	The Apache Software License, Version 2.0	http://www.apache.org/licenses/LICENSE-2.0.txt	androidx.savedstate:savedstate:1.4.0	d2b68a2d0cc76f23cebc6d4ea9bbf2d63fb536ffd94e05514ad9da6c5f530492	savedstate-1.4.0.module
androidx.savedstate:savedstate-android:1.4.0	The Apache Software License, Version 2.0	http://www.apache.org/licenses/LICENSE-2.0.txt	androidx.savedstate:savedstate-android:1.4.0	b44b215b4cce24ca64b5faa58ff463f4b91abc02af95ba405ade488828f4f779	savedstate-android-1.4.0.module | savedstate.aar
androidx.savedstate:savedstate-compose:1.3.0	The Apache Software License, Version 2.0	http://www.apache.org/licenses/LICENSE-2.0.txt	androidx.savedstate:savedstate-compose:1.3.0	de0d5abbaa76bc12e2b400d2a856b1565ee6a3c2ffdb8dae995e5f0d88132296	savedstate-compose-1.3.0.module
androidx.savedstate:savedstate-compose:1.3.1	The Apache Software License, Version 2.0	http://www.apache.org/licenses/LICENSE-2.0.txt	androidx.savedstate:savedstate-compose:1.3.1	065babb8a5a72cd04b3de9a2b86679a7d558450a49f92379b18661f42ebd09b5	savedstate-compose-1.3.1.module
androidx.savedstate:savedstate-compose:1.3.2	The Apache Software License, Version 2.0	http://www.apache.org/licenses/LICENSE-2.0.txt	androidx.savedstate:savedstate-compose:1.3.2	95ffc22b591ec37aeab8c7738f434d0ecd8831da2084f207396839a7f71c0083	savedstate-compose-1.3.2.module
androidx.savedstate:savedstate-compose:1.4.0	The Apache Software License, Version 2.0	http://www.apache.org/licenses/LICENSE-2.0.txt	androidx.savedstate:savedstate-compose:1.4.0	b15f47b42585442c9b6a9d416afc30782c69dbf9a5760a2c37175f0024f0d17e	savedstate-compose-1.4.0.module
androidx.savedstate:savedstate-compose-android:1.3.0	The Apache Software License, Version 2.0	http://www.apache.org/licenses/LICENSE-2.0.txt	androidx.savedstate:savedstate-compose-android:1.3.0	4da17fbd1db36fa931fbdbf873ada793a16d76138fd4446517d8172aa21eaf31	savedstate-compose-android-1.3.0.module
androidx.savedstate:savedstate-compose-android:1.3.1	The Apache Software License, Version 2.0	http://www.apache.org/licenses/LICENSE-2.0.txt	androidx.savedstate:savedstate-compose-android:1.3.1	28fe19199dc6919011bd4c62751891867e69171e5ff1041f2d00f3740d3c6033	savedstate-compose-android-1.3.1.module
androidx.savedstate:savedstate-compose-android:1.3.2	The Apache Software License, Version 2.0	http://www.apache.org/licenses/LICENSE-2.0.txt	androidx.savedstate:savedstate-compose-android:1.3.2	701c5a665f8f3d29bd7c622481f6e34785338738e899de3c44c3ce362f03d90a	savedstate-compose-android-1.3.2.module
androidx.savedstate:savedstate-compose-android:1.4.0	The Apache Software License, Version 2.0	http://www.apache.org/licenses/LICENSE-2.0.txt	androidx.savedstate:savedstate-compose-android:1.4.0	de19831dabb84a4d0e120e86dceb08cf62c08606b5d99e91a8f8e6b4a4658883	savedstate-compose-android-1.4.0.module | savedstate-compose.aar
androidx.savedstate:savedstate-ktx:1.3.1	The Apache Software License, Version 2.0	http://www.apache.org/licenses/LICENSE-2.0.txt	androidx.savedstate:savedstate-ktx:1.3.1	14cec91f73dde4d4c7a11ec660b6c5d083dddf30ef412cf6a1743dc10a62a5b8	savedstate-ktx-1.3.1.module
androidx.savedstate:savedstate-ktx:1.3.2	The Apache Software License, Version 2.0	http://www.apache.org/licenses/LICENSE-2.0.txt	androidx.savedstate:savedstate-ktx:1.3.2	7c0d5190b3ea64e14782bcf93d9a8f336a026f5609bdaa1f35f63ff426015081	savedstate-ktx-1.3.2.module
androidx.savedstate:savedstate-ktx:1.4.0	The Apache Software License, Version 2.0	http://www.apache.org/licenses/LICENSE-2.0.txt	androidx.savedstate:savedstate-ktx:1.4.0	b085af7cc4bb297ed0f25ca85d3629613ab253c0b532684c6cf77c2aee7471c5	savedstate-ktx-1.4.0.aar | savedstate-ktx-1.4.0.module
androidx.sqlite:sqlite:2.6.2	The Apache Software License, Version 2.0	http://www.apache.org/licenses/LICENSE-2.0.txt	androidx.sqlite:sqlite:2.6.2	ed8ff01ea1ae7c9903126a8217e6b0d849cfc2cdf198d0ee93513d96b700f41c	sqlite-2.6.2.module
androidx.sqlite:sqlite-android:2.6.2	The Apache Software License, Version 2.0	http://www.apache.org/licenses/LICENSE-2.0.txt	androidx.sqlite:sqlite-android:2.6.2	1407cf53cb40a813434903fee252420f32c109f88560ac8adc771858260d7a3c	sqlite-android-2.6.2.module | sqlite.aar
androidx.sqlite:sqlite-framework:2.6.2	The Apache Software License, Version 2.0	http://www.apache.org/licenses/LICENSE-2.0.txt	androidx.sqlite:sqlite-framework:2.6.2	90fbc4507a16d2969558d9e9f14f1a11898c6eda789b703f49a79d77b5a297b2	sqlite-framework-2.6.2.module
androidx.sqlite:sqlite-framework-android:2.6.2	The Apache Software License, Version 2.0	http://www.apache.org/licenses/LICENSE-2.0.txt	androidx.sqlite:sqlite-framework-android:2.6.2	2618a352ec57009a207575830c11bd6013cd5548df472a0dba678c64821c0446	sqlite-framework-android-2.6.2.module | sqlite-framework.aar
androidx.startup:startup-runtime:1.0.0	The Apache Software License, Version 2.0	http://www.apache.org/licenses/LICENSE-2.0.txt	androidx.startup:startup-runtime:1.0.0	190b654251f110452f67f6a13d766e8fee0811f07e6f0b0f77d58906226acba8	startup-runtime-1.0.0.module
androidx.startup:startup-runtime:1.1.1	The Apache Software License, Version 2.0	http://www.apache.org/licenses/LICENSE-2.0.txt	androidx.startup:startup-runtime:1.1.1	f4114b5c6859bb1bc3caf281cb6d6f25998fa7f7292c64ceaea74a93210e746b	startup-runtime-1.1.1.aar | startup-runtime-1.1.1.module
androidx.test:annotation:1.0.1	The Apache Software License, Version 2.0	http://www.apache.org/licenses/LICENSE-2.0.txt	androidx.test:annotation:1.0.1	39e978b32726354a67ea6efe8535ab6579f4760fd579c9deaacb347b0bff0c3e	annotation-1.0.1.aar | annotation-1.0.1.pom
androidx.test:core:1.7.0	The Apache Software License, Version 2.0	http://www.apache.org/licenses/LICENSE-2.0.txt	androidx.test:core:1.7.0	b97dd112cd684ad3686f5ccf581b92b106ca76565cf02ccfece060af3bc50743	core-1.7.0.aar | core-1.7.0.pom
androidx.test:monitor:1.8.0	The Apache Software License, Version 2.0	http://www.apache.org/licenses/LICENSE-2.0.txt	androidx.test:monitor:1.8.0	681cf08c41700c73b146953867c0ac826da9c2a810bd2a4a8f878ea11c64d40c	monitor-1.8.0.aar | monitor-1.8.0.pom
androidx.test:runner:1.5.0	The Apache Software License, Version 2.0	http://www.apache.org/licenses/LICENSE-2.0.txt	androidx.test:runner:1.5.0	909882bb86a8618f307d439ead4545cf74f54d3dc6088c232e1bab4f9a97f6cc	runner-1.5.0.aar | runner-1.5.0.pom
androidx.test:runner:1.7.0	The Apache Software License, Version 2.0	http://www.apache.org/licenses/LICENSE-2.0.txt	androidx.test:runner:1.7.0	622831c6d31666fb3438cb0d2ee1fbbbc78cabcd49717699578d92550062207f	runner-1.7.0.aar | runner-1.7.0.pom
androidx.test.espresso:espresso-core:3.5.0	The Apache Software License, Version 2.0	http://www.apache.org/licenses/LICENSE-2.0.txt	androidx.test.espresso:espresso-core:3.5.0	9e672028617979dab465678efdd1650b53c929634c399b1f5fef28252483684d	espresso-core-3.5.0.aar | espresso-core-3.5.0.pom
androidx.test.espresso:espresso-idling-resource:3.5.0	The Apache Software License, Version 2.0	http://www.apache.org/licenses/LICENSE-2.0.txt	androidx.test.espresso:espresso-idling-resource:3.5.0	109eec25d79146122fcdaea91d27ab6e437ccd1aec54eb8e4ac23b23f4011deb	espresso-idling-resource-3.5.0.aar | espresso-idling-resource-3.5.0.pom
androidx.test.ext:junit:1.3.0	The Apache Software License, Version 2.0	http://www.apache.org/licenses/LICENSE-2.0.txt	androidx.test.ext:junit:1.3.0	92af7f253e5eabe2caec5c56f308312653d123042b22754d6ff664e1752dcf3f	junit-1.3.0.aar | junit-1.3.0.pom
androidx.test.services:storage:1.6.0	The Apache Software License, Version 2.0	http://www.apache.org/licenses/LICENSE-2.0.txt	androidx.test.services:storage:1.6.0	8e5d72e2bceef6ef807bc38834dbc7aa53177fd20da349f53dce5a4f2a028bbf	storage-1.6.0.aar | storage-1.6.0.pom
androidx.tracing:tracing:1.0.0	The Apache Software License, Version 2.0	http://www.apache.org/licenses/LICENSE-2.0.txt	androidx.tracing:tracing:1.0.0	cd0299a90d4720d78f1cfb5ff7505f4dbc1a70d05fe23fd9f4d4b77ea59ca05e	tracing-1.0.0.module
androidx.tracing:tracing:1.1.0	The Apache Software License, Version 2.0	http://www.apache.org/licenses/LICENSE-2.0.txt	androidx.tracing:tracing:1.1.0	f1db502b5d539d94dfb6c659deb76872b1e9d8266d7aa4083868a29c33c22917	tracing-1.1.0.aar | tracing-1.1.0.module
androidx.tracing:tracing:1.2.0	The Apache Software License, Version 2.0	http://www.apache.org/licenses/LICENSE-2.0.txt	androidx.tracing:tracing:1.2.0	f34bec4eb58871d31002901377108aaa1ebfe77fa6d882b8b86200b158e26ea1	tracing-1.2.0.aar | tracing-1.2.0.module
androidx.tracing:tracing:1.3.0	The Apache Software License, Version 2.0	http://www.apache.org/licenses/LICENSE-2.0.txt	androidx.tracing:tracing:1.3.0	9206f270a96977187c2827d37275e2cafd2272e58c238728661af5310814363f	tracing-1.3.0.module
androidx.tracing:tracing-android:1.3.0	The Apache Software License, Version 2.0	http://www.apache.org/licenses/LICENSE-2.0.txt	androidx.tracing:tracing-android:1.3.0	0d00de26db0b0440e97a1f57ba461afa8e1dc6bad9be0e7bd779295530a4027c	tracing-android-1.3.0.module | tracing.aar
androidx.tracing:tracing-ktx:1.2.0	The Apache Software License, Version 2.0	http://www.apache.org/licenses/LICENSE-2.0.txt	androidx.tracing:tracing-ktx:1.2.0	8958b5a0153c1a82cb133703d3d11155898738280a354e92ca1817d7ca6f4cb7	tracing-ktx-1.2.0.module
androidx.tracing:tracing-ktx:1.3.0	The Apache Software License, Version 2.0	http://www.apache.org/licenses/LICENSE-2.0.txt	androidx.tracing:tracing-ktx:1.3.0	48c6be169601bb6f1f2b49f44379c17484381b7ebdd393aee814802622a3abd3	tracing-ktx-1.3.0.aar | tracing-ktx-1.3.0.module
androidx.transition:transition:1.6.0	The Apache Software License, Version 2.0	http://www.apache.org/licenses/LICENSE-2.0.txt	androidx.transition:transition:1.6.0	070d7795010071edefbef94b8c9d5a2cac5cb5f3b1a2c5e558546438177c8ef8	transition-1.6.0.aar | transition-1.6.0.module
androidx.vectordrawable:vectordrawable:1.1.0	The Apache Software License, Version 2.0	http://www.apache.org/licenses/LICENSE-2.0.txt	androidx.vectordrawable:vectordrawable:1.1.0	5b0e2d5b2179e54804785cbc21ce5f473b5e1ddd55a57da482e94dcd39492bb2	vectordrawable-1.1.0.aar | vectordrawable-1.1.0.pom
androidx.vectordrawable:vectordrawable-animated:1.1.0	The Apache Software License, Version 2.0	http://www.apache.org/licenses/LICENSE-2.0.txt	androidx.vectordrawable:vectordrawable-animated:1.1.0	276a20116b705fb75b9003ee9496c56f6fd3b32375fb232472811eba60a040bd	vectordrawable-animated-1.1.0.aar | vectordrawable-animated-1.1.0.pom
androidx.versionedparcelable:versionedparcelable:1.1.0	The Apache Software License, Version 2.0	http://www.apache.org/licenses/LICENSE-2.0.txt	androidx.versionedparcelable:versionedparcelable:1.1.0	c729c7be0cc06323bda829d460666e79dbd43b799a21089a44bd3b293dc253b5	versionedparcelable-1.1.0.aar | versionedparcelable-1.1.0.pom
androidx.versionedparcelable:versionedparcelable:1.1.1	The Apache Software License, Version 2.0	http://www.apache.org/licenses/LICENSE-2.0.txt	androidx.versionedparcelable:versionedparcelable:1.1.1	5f51e65873ca612de3838fa90d2ee95b8d040efd31b9c390a19bf94d615cdb2f	versionedparcelable-1.1.1.aar | versionedparcelable-1.1.1.pom
androidx.viewpager:viewpager:1.0.0	The Apache Software License, Version 2.0	http://www.apache.org/licenses/LICENSE-2.0.txt	androidx.viewpager:viewpager:1.0.0	1f72f836339d03c6eb013f65075e76ca87075a577578eb4f95f74a3a5d253128	viewpager-1.0.0.aar | viewpager-1.0.0.pom
androidx.window:window:1.5.0	The Apache Software License, Version 2.0	http://www.apache.org/licenses/LICENSE-2.0.txt	androidx.window:window:1.5.0	d4f22b991a69600e2ffc36b42ac199626fd96d5f1648c3beeccd35de06fcc351	window-1.5.0.aar | window-1.5.0.module
androidx.window:window-core:1.5.0	The Apache Software License, Version 2.0	http://www.apache.org/licenses/LICENSE-2.0.txt	androidx.window:window-core:1.5.0	e38a30fe9a9ccb575531b265fec8e23207bda9818977aae495f3fe74b9c9e1f3	window-core-1.5.0.module
androidx.window:window-core-android:1.5.0	The Apache Software License, Version 2.0	http://www.apache.org/licenses/LICENSE-2.0.txt	androidx.window:window-core-android:1.5.0	463c50b22a969c6274ebdb7b5f56ba1ea1dde352e9679f0a0ba90f3971dbcd57	window-core-android-1.5.0.module | window-core.aar
com.android:signflinger:9.1.1	The Apache Software License, Version 2.0	http://www.apache.org/licenses/LICENSE-2.0.txt	com.android:signflinger:9.1.1	e3bd6d65aeb7b8928f5364b4040ac6f26bfc127287d9726c94eab29357820214	signflinger-9.1.1.jar | signflinger-9.1.1.pom
com.android:zipflinger:9.1.1	The Apache Software License, Version 2.0	http://www.apache.org/licenses/LICENSE-2.0.txt	com.android:zipflinger:9.1.1	3cfb11f9dd74aa038df43bce2414d64da8f7d95ab1c7e5712804c61238e7cda6	zipflinger-9.1.1.jar | zipflinger-9.1.1.pom
com.android.application:com.android.application.gradle.plugin:9.1.1	The Apache Software License, Version 2.0	http://www.apache.org/licenses/LICENSE-2.0.txt	com.android.application:com.android.application.gradle.plugin:9.1.1	1564e923e29929f6a7583188c3778296c3d7510b10a5b791b3cddbed046b9edd	com.android.application.gradle.plugin-9.1.1.pom
com.android.databinding:baseLibrary:9.1.1	The Apache Software License, Version 2.0	http://www.apache.org/licenses/LICENSE-2.0.txt	com.android.databinding:baseLibrary:9.1.1	8c64d244ac88655e1b3c2fbbc0e6b0404af08c45e0806773ac98f3dc57a850f2	baseLibrary-9.1.1.jar | baseLibrary-9.1.1.pom
com.android.library:com.android.library.gradle.plugin:9.1.1	The Apache Software License, Version 2.0	http://www.apache.org/licenses/LICENSE-2.0.txt	com.android.library:com.android.library.gradle.plugin:9.1.1	f679ab408fc9a285005fe1616ba050d76ce00f5a72cfa3f1423f41638c4c82a0	com.android.library.gradle.plugin-9.1.1.pom
com.android.tools:annotations:32.1.1	The Apache Software License, Version 2.0	http://www.apache.org/licenses/LICENSE-2.0.txt	com.android.tools:annotations:32.1.1	9494cec38c05cdee38d8aacd20ee02b22952af7b1b21bf2c8187069c3a04f481	annotations-32.1.1.jar | annotations-32.1.1.pom
com.android.tools:common:32.1.1	The Apache Software License, Version 2.0	http://www.apache.org/licenses/LICENSE-2.0.txt	com.android.tools:common:32.1.1	24dd35f5f41e0c5afd10ed989fac73ce876d9c5088f878ae8a956352e7d0ac0b	common-32.1.1.jar | common-32.1.1.pom
com.android.tools:dvlib:32.1.1	The Apache Software License, Version 2.0	http://www.apache.org/licenses/LICENSE-2.0.txt	com.android.tools:dvlib:32.1.1	723c631235f033d6fb6aa59996f00357469f57cc29b2f5d7973fd58ab62aeec3	dvlib-32.1.1.jar | dvlib-32.1.1.pom
com.android.tools:play-sdk-proto:32.1.1	The Apache Software License, Version 2.0	http://www.apache.org/licenses/LICENSE-2.0.txt	com.android.tools:play-sdk-proto:32.1.1	2c3d001f09cc6852dafb76997f5d50313e378befb78482ebe007699a813e1a52	play-sdk-proto-32.1.1.jar | play-sdk-proto-32.1.1.pom
com.android.tools:repository:32.1.1	The Apache Software License, Version 2.0	http://www.apache.org/licenses/LICENSE-2.0.txt	com.android.tools:repository:32.1.1	4a1fb7d974ff655f87d4d2d6620663ba63c2a2e7b81c1aca35461a9d8d9fd373	repository-32.1.1.jar | repository-32.1.1.pom
com.android.tools:sdk-common:32.1.1	The Apache Software License, Version 2.0	http://www.apache.org/licenses/LICENSE-2.0.txt	com.android.tools:sdk-common:32.1.1	732a30f14a044880f0bafe8d1e5cf391d38b78d39657bdde0cab7e6ff0acf4b1	sdk-common-32.1.1.jar | sdk-common-32.1.1.pom
com.android.tools:sdklib:32.1.1	The Apache Software License, Version 2.0	http://www.apache.org/licenses/LICENSE-2.0.txt	com.android.tools:sdklib:32.1.1	756ab2f074f91527a57e4e22c6acaef4214b2c6c6074b983246098e730956693	sdklib-32.1.1.jar | sdklib-32.1.1.pom
com.android.tools.analytics-library:crash:32.1.1	The Apache Software License, Version 2.0	http://www.apache.org/licenses/LICENSE-2.0.txt	com.android.tools.analytics-library:crash:32.1.1	ddeda22287d7eddf5a36d7259833ce0bfee97d0fecf10e9a417d7013b3184776	crash-32.1.1.jar | crash-32.1.1.pom
com.android.tools.analytics-library:protos:32.1.1	The Apache Software License, Version 2.0	http://www.apache.org/licenses/LICENSE-2.0.txt	com.android.tools.analytics-library:protos:32.1.1	d7fb9ba1b2b7a75f5151df57689f12b6765c7ab324fcc249ab69caa229a3f1e6	protos-32.1.1.jar | protos-32.1.1.pom
com.android.tools.analytics-library:shared:32.1.1	The Apache Software License, Version 2.0	http://www.apache.org/licenses/LICENSE-2.0.txt	com.android.tools.analytics-library:shared:32.1.1	6179f0846880f4dbadef31ef53a5cd3e03dcc4f7aa98e6982539c129db35cc34	shared-32.1.1.jar | shared-32.1.1.pom
com.android.tools.analytics-library:tracker:32.1.1	The Apache Software License, Version 2.0	http://www.apache.org/licenses/LICENSE-2.0.txt	com.android.tools.analytics-library:tracker:32.1.1	c90ae10e07d867bb966b793f6d42afcf960230911c84207461df220e56dfd45a	tracker-32.1.1.jar | tracker-32.1.1.pom
com.android.tools.build:aapt2:9.1.1-14792394	The Apache Software License, Version 2.0	http://www.apache.org/licenses/LICENSE-2.0.txt	com.android.tools.build:aapt2:9.1.1-14792394	7892b466ff80a9e5e11f976e2defad6de0d4062c77c533939fb75ed91ba174b5	aapt2-9.1.1-14792394-linux.jar | aapt2-9.1.1-14792394-osx.jar | aapt2-9.1.1-14792394.pom
com.android.tools.build:aapt2-proto:9.1.1-14792394	The Apache Software License, Version 2.0	http://www.apache.org/licenses/LICENSE-2.0.txt	com.android.tools.build:aapt2-proto:9.1.1-14792394	f42cd6be532c828baa8d111c7bacd6144e439455596286be852be79ac3e1b7c6	aapt2-proto-9.1.1-14792394.jar | aapt2-proto-9.1.1-14792394.module
com.android.tools.build:aaptcompiler:9.1.1	The Apache Software License, Version 2.0	http://www.apache.org/licenses/LICENSE-2.0.txt	com.android.tools.build:aaptcompiler:9.1.1	626f576ca843b81c1cade94f85dde0d3483716397ce76632cc75e829305c253f	aaptcompiler-9.1.1.jar | aaptcompiler-9.1.1.module
com.android.tools.build:apksig:9.1.1	The Apache Software License, Version 2.0	http://www.apache.org/licenses/LICENSE-2.0.txt	com.android.tools.build:apksig:9.1.1	eb16c35b80015d73d88b6acfca1d1ee09b8509574cd16bedf3beceb05622d7dd	apksig-9.1.1.jar | apksig-9.1.1.pom
com.android.tools.build:apkzlib:9.1.1	The Apache Software License, Version 2.0	http://www.apache.org/licenses/LICENSE-2.0.txt	com.android.tools.build:apkzlib:9.1.1	da7832ca1758f02b4b3b7c5a5b1ba122ee38ddbaa2a60c36710df94ab4d363a6	apkzlib-9.1.1.jar | apkzlib-9.1.1.pom
com.android.tools.build:builder:9.1.1	The Apache Software License, Version 2.0	http://www.apache.org/licenses/LICENSE-2.0.txt	com.android.tools.build:builder:9.1.1	adc01806c16410a9418bf50631c97c54807240811a033c0d93e831f9a993e6c4	builder-9.1.1.jar | builder-9.1.1.module
com.android.tools.build:builder-model:9.1.1	The Apache Software License, Version 2.0	http://www.apache.org/licenses/LICENSE-2.0.txt	com.android.tools.build:builder-model:9.1.1	e48f4e6ed8de83fa444dc46325d1322c1b25bb6781b8666ab0120a102fa9c3a5	builder-model-9.1.1.jar | builder-model-9.1.1.module
com.android.tools.build:builder-test-api:9.1.1	The Apache Software License, Version 2.0	http://www.apache.org/licenses/LICENSE-2.0.txt	com.android.tools.build:builder-test-api:9.1.1	dcc0c663388e5ff606228e33d1933d682de200fbd08ca494b7311cd46d37744f	builder-test-api-9.1.1.jar | builder-test-api-9.1.1.module
com.android.tools.build:bundletool:1.18.3	The Apache Software License, Version 2.0	http://www.apache.org/licenses/LICENSE-2.0.txt	com.android.tools.build:bundletool:1.18.3	fa674b39b96cae98015f3850f366cfeb00fe6c7aea2d90b20c017b90e0996dae	bundletool-1.18.3.jar | bundletool-1.18.3.pom
com.android.tools.build:gradle:9.1.1	The Apache Software License, Version 2.0	http://www.apache.org/licenses/LICENSE-2.0.txt	com.android.tools.build:gradle:9.1.1	34392afbb8f56c73dd3b52ee6a778918e3a10bdbac9e16115a19a536db8d8e46	gradle-9.1.1.jar | gradle-9.1.1.module
com.android.tools.build:gradle-api:9.1.1	The Apache Software License, Version 2.0	http://www.apache.org/licenses/LICENSE-2.0.txt	com.android.tools.build:gradle-api:9.1.1	5c4f564fa95d2069f3714f0674bb9aa02c70a952faa8511a8fa14e233bb6f0c6	gradle-api-9.1.1.jar | gradle-api-9.1.1.module
com.android.tools.build:gradle-common-api:9.1.1	The Apache Software License, Version 2.0	http://www.apache.org/licenses/LICENSE-2.0.txt	com.android.tools.build:gradle-common-api:9.1.1	e6a9e5540d6d84b514884790a43a87f3c73d335bb71269af3a91254c970d78b9	gradle-common-api-9.1.1.jar | gradle-common-api-9.1.1.module
com.android.tools.build:gradle-settings-api:9.1.1	The Apache Software License, Version 2.0	http://www.apache.org/licenses/LICENSE-2.0.txt	com.android.tools.build:gradle-settings-api:9.1.1	c39f36e5c4a291d92c81999ba57a08dc1a489b999cf4c5accc4ccc2d52d5fe14	gradle-settings-api-9.1.1.jar | gradle-settings-api-9.1.1.module
com.android.tools.build:manifest-merger:32.1.1	The Apache Software License, Version 2.0	http://www.apache.org/licenses/LICENSE-2.0.txt	com.android.tools.build:manifest-merger:32.1.1	c43719b0176ea47759df19e56ba0a820690001928697b2a2f9a36795446bba4c	manifest-merger-32.1.1.jar | manifest-merger-32.1.1.module
com.android.tools.build.jetifier:jetifier-core:1.0.0-beta10	The Apache Software License, Version 2.0	http://www.apache.org/licenses/LICENSE-2.0.txt	com.android.tools.build.jetifier:jetifier-core:1.0.0-beta10	5c9d42e6b7e35d4d8d02e0a322cf26693b3ec3642b107c8f0be5a721d45a0c6d	jetifier-core-1.0.0-beta10.jar | jetifier-core-1.0.0-beta10.module
com.android.tools.build.jetifier:jetifier-processor:1.0.0-beta10	The Apache Software License, Version 2.0	http://www.apache.org/licenses/LICENSE-2.0.txt	com.android.tools.build.jetifier:jetifier-processor:1.0.0-beta10	33b17f396989404a49174748569bc8edf4e39a62a42a35ce93dca5c0e4ba0842	jetifier-processor-1.0.0-beta10.jar | jetifier-processor-1.0.0-beta10.module
com.android.tools.ddms:ddmlib:32.1.1	The Apache Software License, Version 2.0	http://www.apache.org/licenses/LICENSE-2.0.txt	com.android.tools.ddms:ddmlib:32.1.1	9d075280b217c57161016fa7bed25d0879fa23512fa25f9fa0e4dafaed689751	ddmlib-32.1.1.jar | ddmlib-32.1.1.pom
com.android.tools.emulator:proto:32.1.1	The Apache Software License, Version 2.0	http://www.apache.org/licenses/LICENSE-2.0.txt	com.android.tools.emulator:proto:32.1.1	a5867b2f64008f165b4e796a714f4010fc2293d6a91249c6a73e0400acaf4a3d	proto-32.1.1.jar | proto-32.1.1.pom
com.android.tools.external.com-intellij:intellij-core:32.1.1	The Apache Software License, Version 2.0	http://www.apache.org/licenses/LICENSE-2.0.txt	com.android.tools.external.com-intellij:intellij-core:32.1.1	540446e443f5223dddfa1ddf5a2289444e3c4c269a9e59202edc40c8f35c4580	intellij-core-32.1.1.jar | intellij-core-32.1.1.pom
com.android.tools.external.com-intellij:kotlin-compiler:32.1.1	The Apache Software License, Version 2.0	http://www.apache.org/licenses/LICENSE-2.0.txt	com.android.tools.external.com-intellij:kotlin-compiler:32.1.1	e4aa1d5526a2ef5b252e5ec7f9bdea487e668fc1d28a20669e4636fb6c1983a2	kotlin-compiler-32.1.1.jar | kotlin-compiler-32.1.1.pom
com.android.tools.external.org-jetbrains:uast:32.1.1	The Apache Software License, Version 2.0	http://www.apache.org/licenses/LICENSE-2.0.txt	com.android.tools.external.org-jetbrains:uast:32.1.1	1f18ccb2738396ca638fec06ebc85d9a38f8431dc6256a08a7b72a43dd1eff7d	uast-32.1.1.jar | uast-32.1.1.pom
com.android.tools.layoutlib:layoutlib-api:32.1.1	The Apache Software License, Version 2.0	http://www.apache.org/licenses/LICENSE-2.0.txt	com.android.tools.layoutlib:layoutlib-api:32.1.1	f7c3f48bfcb05e520f2b3bcfd90ddc8e188095e176eb69cb30bbfd14e53fb2c0	layoutlib-api-32.1.1.jar | layoutlib-api-32.1.1.pom
com.android.tools.lint:lint:32.1.1	The Apache Software License, Version 2.0	http://www.apache.org/licenses/LICENSE-2.0.txt	com.android.tools.lint:lint:32.1.1	5f06416e5754fd2cdb7fbd0c55038e0045e31955f69d8b296298881ad3136d2f	lint-32.1.1.jar | lint-32.1.1.pom
com.android.tools.lint:lint-api:32.1.1	The Apache Software License, Version 2.0	http://www.apache.org/licenses/LICENSE-2.0.txt	com.android.tools.lint:lint-api:32.1.1	030edd505392542ec0dc6bfa506244af7408bc58e363f165a5f038d339c41bca	lint-api-32.1.1.jar | lint-api-32.1.1.pom
com.android.tools.lint:lint-checks:32.1.1	The Apache Software License, Version 2.0	http://www.apache.org/licenses/LICENSE-2.0.txt	com.android.tools.lint:lint-checks:32.1.1	f772a85492f1f814568aedb189f49437a6bf0b28fc4294dc36a89482abaeb245	lint-checks-32.1.1.jar | lint-checks-32.1.1.pom
com.android.tools.lint:lint-gradle:32.1.1	The Apache Software License, Version 2.0	http://www.apache.org/licenses/LICENSE-2.0.txt	com.android.tools.lint:lint-gradle:32.1.1	c0c986d73bb576db9dbd35fcc8ec4d0f7b994cf1bbfa4c3a08cb9fd7d5d56fe3	lint-gradle-32.1.1.jar | lint-gradle-32.1.1.pom
com.android.tools.lint:lint-model:32.1.1	The Apache Software License, Version 2.0	http://www.apache.org/licenses/LICENSE-2.0.txt	com.android.tools.lint:lint-model:32.1.1	f1ca5ceb2f113ed0001315733842edb182b0324bc3bb630dc89036f00e8337e6	lint-model-32.1.1.jar | lint-model-32.1.1.pom
com.android.tools.lint:lint-typedef-remover:32.1.1	The Apache Software License, Version 2.0	http://www.apache.org/licenses/LICENSE-2.0.txt	com.android.tools.lint:lint-typedef-remover:32.1.1	19d5adc9a5c77db9bcb2285ac696d989991966be70503cb496051ed52454d9b3	lint-typedef-remover-32.1.1.jar | lint-typedef-remover-32.1.1.pom
com.android.tools.utp:android-device-provider-ddmlib:32.1.1	The Apache Software License, Version 2.0	http://www.apache.org/licenses/LICENSE-2.0.txt	com.android.tools.utp:android-device-provider-ddmlib:32.1.1	6a9dc0b0d50a5a9243a773cf763ddf71f47ae4a38d806f65a876f5c5c31a0ed3	android-device-provider-ddmlib-32.1.1.jar | android-device-provider-ddmlib-32.1.1.module
com.android.tools.utp:android-device-provider-ddmlib-proto:32.1.1	The Apache Software License, Version 2.0	http://www.apache.org/licenses/LICENSE-2.0.txt	com.android.tools.utp:android-device-provider-ddmlib-proto:32.1.1	9cf58834a7370b9e08c70cf1e70dc8f61156a832d3d63bf8317ee18207121158	android-device-provider-ddmlib-proto-32.1.1.jar | android-device-provider-ddmlib-proto-32.1.1.pom
com.android.tools.utp:android-test-plugin-host-additional-test-output:32.1.1	The Apache Software License, Version 2.0	http://www.apache.org/licenses/LICENSE-2.0.txt	com.android.tools.utp:android-test-plugin-host-additional-test-output:32.1.1	01c818270c764b6050e9bdc4ee9d3afa38b9650672bd9cb1970e6754107a4b7c	android-test-plugin-host-additional-test-output-32.1.1.jar | android-test-plugin-host-additional-test-output-32.1.1.module
com.android.tools.utp:android-test-plugin-host-additional-test-output-proto:32.1.1	The Apache Software License, Version 2.0	http://www.apache.org/licenses/LICENSE-2.0.txt	com.android.tools.utp:android-test-plugin-host-additional-test-output-proto:32.1.1	8cb151e2e9f5d4a8d69d13595a3765ea62b7e9432778fa9ca4a2c1e98b394e0d	android-test-plugin-host-additional-test-output-proto-32.1.1.jar | android-test-plugin-host-additional-test-output-proto-32.1.1.pom
com.android.tools.utp:android-test-plugin-host-apk-installer:32.1.1	The Apache Software License, Version 2.0	http://www.apache.org/licenses/LICENSE-2.0.txt	com.android.tools.utp:android-test-plugin-host-apk-installer:32.1.1	3954cadeeb4ccb2f8cf2675c6b125d9be1cef0d8d4ed3ffd31e48460a889e818	android-test-plugin-host-apk-installer-32.1.1.jar | android-test-plugin-host-apk-installer-32.1.1.module
com.android.tools.utp:android-test-plugin-host-apk-installer-proto:32.1.1	The Apache Software License, Version 2.0	http://www.apache.org/licenses/LICENSE-2.0.txt	com.android.tools.utp:android-test-plugin-host-apk-installer-proto:32.1.1	1e5d790eb1c92456a9f7400f9c7f0145838902da622d4c8d1e536f0b8da5b990	android-test-plugin-host-apk-installer-proto-32.1.1.jar | android-test-plugin-host-apk-installer-proto-32.1.1.pom
com.android.tools.utp:android-test-plugin-host-coverage:32.1.1	The Apache Software License, Version 2.0	http://www.apache.org/licenses/LICENSE-2.0.txt	com.android.tools.utp:android-test-plugin-host-coverage:32.1.1	5327f2267560a75d9d3f365a3a9c4c248222e8ab369c69f37f283f01e27a05c4	android-test-plugin-host-coverage-32.1.1.jar | android-test-plugin-host-coverage-32.1.1.module
com.android.tools.utp:android-test-plugin-host-coverage-proto:32.1.1	The Apache Software License, Version 2.0	http://www.apache.org/licenses/LICENSE-2.0.txt	com.android.tools.utp:android-test-plugin-host-coverage-proto:32.1.1	44255e80336308e9b5df90d59c8bfb10fefe18d072033b658bc4b0acbc7dc9f0	android-test-plugin-host-coverage-proto-32.1.1.jar | android-test-plugin-host-coverage-proto-32.1.1.pom
com.android.tools.utp:android-test-plugin-host-device-info:32.1.1	The Apache Software License, Version 2.0	http://www.apache.org/licenses/LICENSE-2.0.txt	com.android.tools.utp:android-test-plugin-host-device-info:32.1.1	f7e5fe94832ae392fbb569469769f59dfae8313e95c3a16e89ff2bf02e65662a	android-test-plugin-host-device-info-32.1.1.jar | android-test-plugin-host-device-info-32.1.1.module
com.android.tools.utp:android-test-plugin-host-device-info-proto:32.1.1	The Apache Software License, Version 2.0	http://www.apache.org/licenses/LICENSE-2.0.txt	com.android.tools.utp:android-test-plugin-host-device-info-proto:32.1.1	19ca4436586bf26aaa9e220b294dc56d3fc8181d3955a7b0b538a3be23a8a6c2	android-test-plugin-host-device-info-proto-32.1.1.jar | android-test-plugin-host-device-info-proto-32.1.1.pom
com.android.tools.utp:android-test-plugin-host-emulator-control:32.1.1	The Apache Software License, Version 2.0	http://www.apache.org/licenses/LICENSE-2.0.txt	com.android.tools.utp:android-test-plugin-host-emulator-control:32.1.1	e21f7f0d7bfff521fe2c8ea0437fae2568197343ce30fa138edc125288f49e2d	android-test-plugin-host-emulator-control-32.1.1.jar | android-test-plugin-host-emulator-control-32.1.1.module
com.android.tools.utp:android-test-plugin-host-emulator-control-proto:32.1.1	The Apache Software License, Version 2.0	http://www.apache.org/licenses/LICENSE-2.0.txt	com.android.tools.utp:android-test-plugin-host-emulator-control-proto:32.1.1	61bc2d2921be1973e57b10eab2e4171d2a17e83ecb3414f1b135f91a6078c260	android-test-plugin-host-emulator-control-proto-32.1.1.jar | android-test-plugin-host-emulator-control-proto-32.1.1.pom
com.android.tools.utp:android-test-plugin-host-logcat:32.1.1	The Apache Software License, Version 2.0	http://www.apache.org/licenses/LICENSE-2.0.txt	com.android.tools.utp:android-test-plugin-host-logcat:32.1.1	9e7d3bef5fad1efdb48618f315df2dc7f31b310047f6134e30192a7bb743f906	android-test-plugin-host-logcat-32.1.1.jar | android-test-plugin-host-logcat-32.1.1.module
com.android.tools.utp:android-test-plugin-host-logcat-proto:32.1.1	The Apache Software License, Version 2.0	http://www.apache.org/licenses/LICENSE-2.0.txt	com.android.tools.utp:android-test-plugin-host-logcat-proto:32.1.1	d3b1868c60110332b1d6247ab9a32cd1ead3624de53cd632cc2cc0a33efd4914	android-test-plugin-host-logcat-proto-32.1.1.jar | android-test-plugin-host-logcat-proto-32.1.1.pom
com.android.tools.utp:android-test-plugin-result-listener-gradle:32.1.1	The Apache Software License, Version 2.0	http://www.apache.org/licenses/LICENSE-2.0.txt	com.android.tools.utp:android-test-plugin-result-listener-gradle:32.1.1	cb42963af52454cfd1ba917a1c766d0a9c45e7a936a705e4c9c90611d002d112	android-test-plugin-result-listener-gradle-32.1.1.jar | android-test-plugin-result-listener-gradle-32.1.1.module
com.android.tools.utp:android-test-plugin-result-listener-gradle-proto:32.1.1	The Apache Software License, Version 2.0	http://www.apache.org/licenses/LICENSE-2.0.txt	com.android.tools.utp:android-test-plugin-result-listener-gradle-proto:32.1.1	5bceeb0528a7905bbac52a1c141caf93f36f8fa72b9ceaf73ac173a4ef04d0d6	android-test-plugin-result-listener-gradle-proto-32.1.1.jar | android-test-plugin-result-listener-gradle-proto-32.1.1.pom
com.android.tools.utp:gradle-work-action:32.1.1	The Apache Software License, Version 2.0	http://www.apache.org/licenses/LICENSE-2.0.txt	com.android.tools.utp:gradle-work-action:32.1.1	cfc8130789691528e159c3e4df88f7e06e953ab50eb5eed974a1b39b05d54125	gradle-work-action-32.1.1.jar | gradle-work-action-32.1.1.module
com.android.tools.utp:gradle-work-action-api:32.1.1	The Apache Software License, Version 2.0	http://www.apache.org/licenses/LICENSE-2.0.txt	com.android.tools.utp:gradle-work-action-api:32.1.1	5afb0cacc515aded16da404b6a4531b4f64a836817c9a95129e30782f1f4f15a	gradle-work-action-api-32.1.1.jar | gradle-work-action-api-32.1.1.module
com.android.tools.utp:utp-common:32.1.1	The Apache Software License, Version 2.0	http://www.apache.org/licenses/LICENSE-2.0.txt	com.android.tools.utp:utp-common:32.1.1	7e42b623d31fc268ed70f62188f81faabbf84d064763e9cff60c1592466d7bf9	utp-common-32.1.1.jar | utp-common-32.1.1.module
com.google.android:annotations:4.1.1.4	Apache 2.0	http://www.apache.org/licenses/LICENSE-2.0	com.google.android:annotations:4.1.1.4	e4bb54753c36a27a0e5d70154a5034fedd8feac4282295034bfd483d6c7aae78	annotations-4.1.1.4.jar | annotations-4.1.1.4.pom
com.google.api.grpc:proto-google-common-protos:2.17.0	Apache-2.0	https://www.apache.org/licenses/LICENSE-2.0.txt	com.google.api.grpc:proto-google-common-protos:2.17.0	3f028153a585c59f558b3e43a7c9809a601a8bb5e91061d6c658fffa24cb8e26	proto-google-common-protos-2.17.0.jar | proto-google-common-protos-2.17.0.pom
com.google.api.grpc:proto-google-common-protos:2.48.0	Apache-2.0	https://www.apache.org/licenses/LICENSE-2.0.txt	com.google.api.grpc:proto-google-common-protos:2.48.0	45eb927b22685fc11bfab69ce6ad3b439f72d816a3a7de46bd23f4ed19bf89c3	proto-google-common-protos-2.48.0.jar | proto-google-common-protos-2.48.0.pom
com.google.auto:auto-common:1.2.1	Apache 2.0	http://www.apache.org/licenses/LICENSE-2.0.txt	com.google.auto:auto-common:1.2.1	13b4b50062949f8b1343927c581536d3bb051b8afea509aa6f902f4de28bc1b2	auto-common-1.2.1.jar | auto-common-1.2.1.pom
com.google.auto:auto-parent:6	Apache 2.0	http://www.apache.org/licenses/LICENSE-2.0.txt	com.google.auto:auto-parent:6	05f740c6648165db00cf618dd56c200c4725e358e6d54f5853e0bec15734ea0a	auto-parent-6.pom
com.google.auto:auto-parent:7	Apache 2.0	http://www.apache.org/licenses/LICENSE-2.0.txt	com.google.auto:auto-parent:7	a46426fccb5d32705ad9cbbc996f786bd048cc8cbdd21db046500169f15a4356	auto-parent-7.pom
com.google.auto.service:auto-service:1.1.1	Apache 2.0	http://www.apache.org/licenses/LICENSE-2.0.txt	com.google.auto.service:auto-service-aggregator:1.1.1	0c53c2f87949b3be8f1c8c67bb76c08ed4f4beb8dbaa475c32ba593d46176317	auto-service-1.1.1.jar | auto-service-1.1.1.pom
com.google.auto.service:auto-service-aggregator:1.1.1	Apache 2.0	http://www.apache.org/licenses/LICENSE-2.0.txt	com.google.auto.service:auto-service-aggregator:1.1.1	e2dc3e263a5db0cc8172fb2eb9bcd232acecfdc96e817103eab3c8d9f1900c6a	auto-service-aggregator-1.1.1.pom
com.google.auto.service:auto-service-annotations:1.1.1	Apache 2.0	http://www.apache.org/licenses/LICENSE-2.0.txt	com.google.auto.service:auto-service-aggregator:1.1.1	1659fd0a25cea9fa9abfb18deb9d7b180cce3aceab16ff9e625461567e44a2df	auto-service-annotations-1.1.1.jar | auto-service-annotations-1.1.1.pom
com.google.auto.value:auto-value-annotations:1.6.2	Apache 2.0	http://www.apache.org/licenses/LICENSE-2.0.txt	com.google.auto:auto-parent:6	1c76cd462fc96e7aa96dc70ce82f0d54063d6df16db35c9c7d9cc0d1a99d3fff	auto-value-annotations-1.6.2.jar | auto-value-annotations-1.6.2.pom
com.google.auto.value:auto-value-annotations:1.6.3	Apache 2.0	http://www.apache.org/licenses/LICENSE-2.0.txt	com.google.auto:auto-parent:7	e1fc780f7ee025e662b3da72723dbe2ac8dac0a2f8920f265315c4e1be3d765c	auto-value-annotations-1.6.3.jar | auto-value-annotations-1.6.3.pom
com.google.auto.value:auto-value-parent:1.6.2	Apache 2.0	http://www.apache.org/licenses/LICENSE-2.0.txt	com.google.auto:auto-parent:6	27b640c82179f5cff62009c0b72033d9bc60f60e9902a66802274b7fe37fc81c	auto-value-parent-1.6.2.pom
com.google.auto.value:auto-value-parent:1.6.3	Apache 2.0	http://www.apache.org/licenses/LICENSE-2.0.txt	com.google.auto:auto-parent:7	e59df5732b4cb34d5727181446f9ded9ce4425131a0a1062519eea196de4d8a1	auto-value-parent-1.6.3.pom
com.google.code.findbugs:jsr305:2.0.2	The Apache Software License, Version 2.0	http://www.apache.org/licenses/LICENSE-2.0.txt	com.google.code.findbugs:jsr305:2.0.2	8bc2c4f67a6396a7333dece2d1f991ca7d0aea48b29592265e2239be91972579	jsr305-2.0.2.jar | jsr305-2.0.2.pom
com.google.code.findbugs:jsr305:3.0.2	The Apache Software License, Version 2.0	http://www.apache.org/licenses/LICENSE-2.0.txt	com.google.code.findbugs:jsr305:3.0.2	19889dbdf1b254b2601a5ee645b8147a974644882297684c798afe5d63d78dfe	jsr305-3.0.2.jar | jsr305-3.0.2.pom
com.google.code.gson:gson:2.10.1	Apache-2.0	https://www.apache.org/licenses/LICENSE-2.0.txt	com.google.code.gson:gson:2.10.1	d2b115634f5c085db4b9c9ffc2658e89e231fdbfbe2242121a1cd95d4d948dd7	gson-2.10.1.jar | gson-2.10.1.pom
com.google.code.gson:gson:2.11.0	Apache-2.0	https://www.apache.org/licenses/LICENSE-2.0.txt	com.google.code.gson:gson:2.11.0	c0e547bea998888e6e25c5886a90e762272bc88b5275343dd2c05ded6ca2e360	gson-2.11.0.jar | gson-2.11.0.pom
com.google.code.gson:gson:2.8.9	Apache-2.0	https://www.apache.org/licenses/LICENSE-2.0.txt	com.google.code.gson:gson:2.8.9	afded6e6a690fbf3ad4ae65ada397f0a90a5f630b303d1b741b9c97926fdd4de	gson-2.8.9.jar | gson-2.8.9.pom
com.google.code.gson:gson-parent:2.10.1	Apache-2.0	https://www.apache.org/licenses/LICENSE-2.0.txt	com.google.code.gson:gson-parent:2.10.1	4248e0882426c615182385d6086c3ef3262e769957189e29306280b85482b833	gson-parent-2.10.1.pom
com.google.code.gson:gson-parent:2.11.0	Apache-2.0	https://www.apache.org/licenses/LICENSE-2.0.txt	com.google.code.gson:gson-parent:2.11.0	8acb1f3b72a6f026916ac0735bad9aab0293d527edb7b365327def13a9367b7a	gson-parent-2.11.0.pom
com.google.code.gson:gson-parent:2.8.9	Apache-2.0	https://www.apache.org/licenses/LICENSE-2.0.txt	com.google.code.gson:gson-parent:2.8.9	b16e026e63427c1972ad0fc68703ec379b1576e411ba49c32fa9a31ab0bbcffb	gson-parent-2.8.9.pom
com.google.crypto.tink:tink:1.18.0	Apache License, Version 2.0	http://www.apache.org/licenses/LICENSE-2.0.txt	com.google.crypto.tink:tink:1.18.0	08c2dcac9ce37428aca73b1d6aa6a93f35c385224db03b3cae843b74e64d1edf	tink-1.18.0.jar | tink-1.18.0.pom
com.google.crypto.tink:tink:1.7.0	Apache License, Version 2.0	http://www.apache.org/licenses/LICENSE-2.0.txt	com.google.crypto.tink:tink:1.7.0	2aee3523715f8f2cd10b2603c8d19e561ac758310b7e2c9853946d2c5e7b4bf7	tink-1.7.0.jar | tink-1.7.0.pom
com.google.dagger:dagger:2.28.3	Apache 2.0	https://www.apache.org/licenses/LICENSE-2.0.txt	com.google.dagger:dagger:2.28.3	265ba959a8e13c3a06133f04b539169c1018daffd4d33f53c453ab4cb386f570	dagger-2.28.3.jar | dagger-2.28.3.pom
com.google.dagger:dagger:2.48	Apache 2.0	https://www.apache.org/licenses/LICENSE-2.0.txt	com.google.dagger:dagger:2.48	75fd748573e58075b1306f7fae19cf5b02c0b0850908f765131b092a1156a944	dagger-2.48.jar | dagger-2.48.pom
com.google.dagger:dagger:2.59	Apache 2.0	https://www.apache.org/licenses/LICENSE-2.0.txt	com.google.dagger:dagger:2.59	0e47846618c7a1b7a8124fd20623a667643d73cbe0a561bb87056151aa967538	dagger-2.59.jar | dagger-2.59.pom
com.google.devtools.ksp:com.google.devtools.ksp.gradle.plugin:2.3.9	The Apache License, Version 2.0	http://www.apache.org/licenses/LICENSE-2.0.txt	com.google.devtools.ksp:com.google.devtools.ksp.gradle.plugin:2.3.9	b8ec75b600f1f51f24e5d3ebb4c145de13de3f75c75d9eadc0cd579cc0e20630	com.google.devtools.ksp.gradle.plugin-2.3.9.pom
com.google.devtools.ksp:symbol-processing-aa-embeddable:2.3.9	The Apache License, Version 2.0	http://www.apache.org/licenses/LICENSE-2.0.txt	com.google.devtools.ksp:symbol-processing-aa-embeddable:2.3.9	d5dd46ba75df65ccf43c093f0b7134903f9d68299975dd20851dfeb1600b8296	symbol-processing-aa-embeddable-2.3.9.jar | symbol-processing-aa-embeddable-2.3.9.pom
com.google.devtools.ksp:symbol-processing-api:2.0.10-1.0.24	The Apache License, Version 2.0	http://www.apache.org/licenses/LICENSE-2.0.txt	com.google.devtools.ksp:symbol-processing-api:2.0.10-1.0.24	4528fe798fefeec095a73e861c1206fa825496a0e7b652272f40ffc960814e62	symbol-processing-api-2.0.10-1.0.24.jar | symbol-processing-api-2.0.10-1.0.24.module
com.google.devtools.ksp:symbol-processing-api:2.3.9	The Apache License, Version 2.0	http://www.apache.org/licenses/LICENSE-2.0.txt	com.google.devtools.ksp:symbol-processing-api:2.3.9	50b0eeb20b915ead8b03daf1d5a3b61168ef69727922bdece1c18d40196874dc	symbol-processing-api-2.3.9.jar | symbol-processing-api-2.3.9.module
com.google.devtools.ksp:symbol-processing-common-deps:2.3.9	The Apache License, Version 2.0	http://www.apache.org/licenses/LICENSE-2.0.txt	com.google.devtools.ksp:symbol-processing-common-deps:2.3.9	9b1f2a8fb02169a6231c80caee847d37ddce261746383c45f15203612d2c7d3a	symbol-processing-common-deps-2.3.9.jar | symbol-processing-common-deps-2.3.9.module
com.google.devtools.ksp:symbol-processing-gradle-plugin:2.3.9	The Apache License, Version 2.0	http://www.apache.org/licenses/LICENSE-2.0.txt	com.google.devtools.ksp:symbol-processing-gradle-plugin:2.3.9	ddaca9b8c1e95efe28c8ec87fb0284a5de15d514691573cb86e2675121e19ffd	symbol-processing-gradle-plugin-2.3.9.jar | symbol-processing-gradle-plugin-2.3.9.module
com.google.errorprone:error_prone_annotations:2.18.0	Apache 2.0	http://www.apache.org/licenses/LICENSE-2.0.txt	com.google.errorprone:error_prone_annotations:2.18.0	920135797dcca5917b5a5c017642a58d340a4cd1bcd12f56f892a5663bd7bddc	error_prone_annotations-2.18.0.jar | error_prone_annotations-2.18.0.pom
com.google.errorprone:error_prone_annotations:2.22.0	Apache 2.0	http://www.apache.org/licenses/LICENSE-2.0.txt	com.google.errorprone:error_prone_annotations:2.22.0	b725c521514168e9c20d3719a76aa01b50e5a7282859f4ea84c251cf9f842080	error_prone_annotations-2.22.0.pom
com.google.errorprone:error_prone_annotations:2.23.0	Apache 2.0	http://www.apache.org/licenses/LICENSE-2.0.txt	com.google.errorprone:error_prone_annotations:2.23.0	d5abb17f231b63bf009358fa640281b744810cb9587e5994977834959c07dbd8	error_prone_annotations-2.23.0.jar | error_prone_annotations-2.23.0.pom
com.google.errorprone:error_prone_annotations:2.26.1	Apache 2.0	http://www.apache.org/licenses/LICENSE-2.0.txt	com.google.errorprone:error_prone_annotations:2.26.1	aea7e991e2dfdcb47f5fbd508587535f7802bcb9e2fc2d4ebb50be41b684da9f	error_prone_annotations-2.26.1.jar | error_prone_annotations-2.26.1.pom
com.google.errorprone:error_prone_annotations:2.27.0	Apache 2.0	http://www.apache.org/licenses/LICENSE-2.0.txt	com.google.errorprone:error_prone_annotations:2.27.0	4ca5a35d61235e16549ac346d1e34551cdf0fe27e84aa57e03cbeb255ea4e5da	error_prone_annotations-2.27.0.pom
com.google.errorprone:error_prone_annotations:2.28.0	Apache 2.0	http://www.apache.org/licenses/LICENSE-2.0.txt	com.google.errorprone:error_prone_annotations:2.28.0	0ce909f13a568148476e5ee200f380f98c75ba08971aaf15db295eb77598ef3a	error_prone_annotations-2.28.0.jar | error_prone_annotations-2.28.0.pom
com.google.errorprone:error_prone_annotations:2.3.1	Apache 2.0	http://www.apache.org/licenses/LICENSE-2.0.txt	com.google.errorprone:error_prone_annotations:2.3.1	3edce6b711ba368efe16b9b7aacb0214fbd648414cb9b965953a2e7ed89a819a	error_prone_annotations-2.3.1.pom
com.google.errorprone:error_prone_annotations:2.30.0	Apache 2.0	http://www.apache.org/licenses/LICENSE-2.0.txt	com.google.errorprone:error_prone_annotations:2.30.0	f713849c23b34953e854565dce8aa795cae0c1416611b720c21461322c795f86	error_prone_annotations-2.30.0.jar | error_prone_annotations-2.30.0.pom
com.google.errorprone:error_prone_parent:2.18.0	Apache 2.0	http://www.apache.org/licenses/LICENSE-2.0.txt	com.google.errorprone:error_prone_parent:2.18.0	47f22e99c7bf466391def16f8377985e5d3ba6f5bbcf65853644805513e15fad	error_prone_parent-2.18.0.pom
com.google.errorprone:error_prone_parent:2.22.0	Apache 2.0	http://www.apache.org/licenses/LICENSE-2.0.txt	com.google.errorprone:error_prone_parent:2.22.0	5d2522bea83df5a581ccd6b227635ca34e0d397b7672de748aca4157080573c7	error_prone_parent-2.22.0.pom
com.google.errorprone:error_prone_parent:2.23.0	Apache 2.0	http://www.apache.org/licenses/LICENSE-2.0.txt	com.google.errorprone:error_prone_parent:2.23.0	f5470a4b3104fe309fbe94a80d16c3c54d20f748f4c5de4f68a428688f30cbd4	error_prone_parent-2.23.0.pom
com.google.errorprone:error_prone_parent:2.26.1	Apache 2.0	http://www.apache.org/licenses/LICENSE-2.0.txt	com.google.errorprone:error_prone_parent:2.26.1	4a6ad00d31b0a5adcd9a4f605065d5b445fae4a04cbf827e5d1ac1077e2f814d	error_prone_parent-2.26.1.pom
com.google.errorprone:error_prone_parent:2.27.0	Apache 2.0	http://www.apache.org/licenses/LICENSE-2.0.txt	com.google.errorprone:error_prone_parent:2.27.0	fa81829d049559df6927f9c9a6fd6bbd09f8b50e6d4736ae72c8300b6c3d7654	error_prone_parent-2.27.0.pom
com.google.errorprone:error_prone_parent:2.28.0	Apache 2.0	http://www.apache.org/licenses/LICENSE-2.0.txt	com.google.errorprone:error_prone_parent:2.28.0	accefdbb5416cef5fcd2ddc37db4f1fcb34a2193cc1a55dfe5970a131b3e7683	error_prone_parent-2.28.0.pom
com.google.errorprone:error_prone_parent:2.3.1	Apache 2.0	http://www.apache.org/licenses/LICENSE-2.0.txt	com.google.errorprone:error_prone_parent:2.3.1	767525d9a81129cd081968382980336327be4162b1e2251a182911daa733c123	error_prone_parent-2.3.1.pom
com.google.errorprone:error_prone_parent:2.30.0	Apache 2.0	http://www.apache.org/licenses/LICENSE-2.0.txt	com.google.errorprone:error_prone_parent:2.30.0	5e8834ccc0e5ed0c72f306c250b518e6ad10d075a9b7b910cf695cba1ee02a2d	error_prone_parent-2.30.0.pom
com.google.flatbuffers:flatbuffers-java:1.12.0	Apache License V2.0	https://raw.githubusercontent.com/google/flatbuffers/master/LICENSE.txt	com.google.flatbuffers:flatbuffers-java:1.12.0	cb226baf546260770f21e8152a6aa88ba15230d739f750df480f2a668d43e0eb	flatbuffers-java-1.12.0.jar | flatbuffers-java-1.12.0.pom
com.google.guava:failureaccess:1.0.1	The Apache Software License, Version 2.0	http://www.apache.org/licenses/LICENSE-2.0.txt	com.google.guava:guava-parent:26.0-android	e96042ce78fecba0da2be964522947c87b40a291b5fd3cd672a434924103c4b9	failureaccess-1.0.1.jar | failureaccess-1.0.1.pom
com.google.guava:failureaccess:1.0.2	The Apache Software License, Version 2.0	http://www.apache.org/licenses/LICENSE-2.0.txt	com.google.guava:guava-parent:26.0-android	19ebc6f4bdb4edbb3d07b6ee994f846b54ef295582a9b5634719ffa9f31d03b2	failureaccess-1.0.2.jar | failureaccess-1.0.2.pom
com.google.guava:guava:32.0.1-android	Apache License, Version 2.0	http://www.apache.org/licenses/LICENSE-2.0.txt	com.google.guava:guava-parent:32.0.1-android	cf26ce63461fb585cad25dc6932765883122643c3beec5e3269f667c73295ac4	guava-32.0.1-android.jar | guava-32.0.1-android.pom
com.google.guava:guava:32.0.1-jre	Apache License, Version 2.0	http://www.apache.org/licenses/LICENSE-2.0.txt	com.google.guava:guava-parent:32.0.1-jre	42c257f7f736d377b31afeeee978ab26d730cd70af60dde7662e182352e2482a	guava-32.0.1-jre.jar | guava-32.0.1-jre.pom
com.google.guava:guava:33.2.1-jre	Apache License, Version 2.0	http://www.apache.org/licenses/LICENSE-2.0.txt	com.google.guava:guava-parent:33.2.1-jre	42817bdc1c0c8c737d6b411cfaf4a84769e7d271e879b016fd0850248a06dab5	guava-33.2.1-jre.jar | guava-33.2.1-jre.module
com.google.guava:guava:33.3.1-android	Apache License, Version 2.0	http://www.apache.org/licenses/LICENSE-2.0.txt	com.google.guava:guava-parent:33.3.1-android	c728db6f2705ca3ea6a3cf2cf1260dbeff3a4524249a1b1b900edcfe9d72142f	guava-33.3.1-android.jar | guava-33.3.1-android.module
com.google.guava:guava:33.3.1-jre	Apache License, Version 2.0	http://www.apache.org/licenses/LICENSE-2.0.txt	com.google.guava:guava-parent:33.3.1-jre	313b67fc13eb3b0634eda715a1229971f5de9b8188bc280762815b83a275f193	guava-33.3.1-jre.jar | guava-33.3.1-jre.module
com.google.guava:guava-parent:26.0-android	The Apache Software License, Version 2.0	http://www.apache.org/licenses/LICENSE-2.0.txt	com.google.guava:guava-parent:26.0-android	f8698ab46ca996ce889c1afc8ca4f25eb8ac6b034dc898d4583742360016cc04	guava-parent-26.0-android.pom
com.google.guava:guava-parent:32.0.1-android	Apache License, Version 2.0	http://www.apache.org/licenses/LICENSE-2.0.txt	com.google.guava:guava-parent:32.0.1-android	cddb3a941d71be5e871f39a239ba3bb8883c88c7763d8a3d2d342b09a1d5da30	guava-parent-32.0.1-android.pom
com.google.guava:guava-parent:32.0.1-jre	Apache License, Version 2.0	http://www.apache.org/licenses/LICENSE-2.0.txt	com.google.guava:guava-parent:32.0.1-jre	43ed0e36b353f41e5eb75cd756667c9e2df97cef06eb16066967158a1d034d2a	guava-parent-32.0.1-jre.pom
com.google.guava:guava-parent:33.2.1-jre	Apache License, Version 2.0	http://www.apache.org/licenses/LICENSE-2.0.txt	com.google.guava:guava-parent:33.2.1-jre	9095f6d8ee3765950207510785830cc2280e781067915fa99cfe1740d4865c14	guava-parent-33.2.1-jre.pom
com.google.guava:guava-parent:33.3.1-android	Apache License, Version 2.0	http://www.apache.org/licenses/LICENSE-2.0.txt	com.google.guava:guava-parent:33.3.1-android	6e11986ea7250b51f847157e2dc937f32a306804dfce0007a5e81ddb9b95c579	guava-parent-33.3.1-android.pom
com.google.guava:guava-parent:33.3.1-jre	The Apache Software License, Version 2.0	http://www.apache.org/licenses/LICENSE-2.0.txt	com.google.guava:guava-parent:33.3.1-jre	55441db27e8869dfefe053059bdf478bdc7e95585642bf391f0023345fd56287	guava-parent-33.3.1-jre.pom
com.google.guava:listenablefuture:1.0	The Apache Software License, Version 2.0	http://www.apache.org/licenses/LICENSE-2.0.txt	com.google.guava:guava-parent:26.0-android	53873caf26bc1ed8a567ea6c939ab2aaa3f47a5e32d5cade95ddf5080d23238a	listenablefuture-1.0.jar | listenablefuture-1.0.pom
com.google.guava:listenablefuture:9999.0-empty-to-avoid-conflict-with-guava	The Apache Software License, Version 2.0	http://www.apache.org/licenses/LICENSE-2.0.txt	com.google.guava:guava-parent:26.0-android	18d4b1db26153d4e55079ce1f76bb1fe05cdb862ef9954a88cbcc4ff38b8679b	listenablefuture-9999.0-empty-to-avoid-conflict-with-guava.jar | listenablefuture-9999.0-empty-to-avoid-conflict-with-guava.pom
com.google.j2objc:j2objc-annotations:2.8	Apache License, Version 2.0	http://www.apache.org/licenses/LICENSE-2.0.txt	com.google.j2objc:j2objc-annotations:2.8	37f87798b18385113c918bfa9e1276fe50735ef8fa849b5800c519d54dbf11f8	j2objc-annotations-2.8.jar | j2objc-annotations-2.8.pom
com.google.j2objc:j2objc-annotations:3.0.0	Apache License, Version 2.0	http://www.apache.org/licenses/LICENSE-2.0.txt	com.google.j2objc:j2objc-annotations:3.0.0	23b3d039e168ad89dd114698e6dd7be383f4a2c577b8877d82c73a6515e74a17	j2objc-annotations-3.0.0.jar | j2objc-annotations-3.0.0.pom
com.google.jimfs:jimfs:1.1	The Apache Software License, Version 2.0	http://www.apache.org/licenses/LICENSE-2.0.txt	com.google.jimfs:jimfs-parent:1.1	efa86e5cd922f17b472fdfcae57234d8d4ac3e148b6250737dfce454af7a7a44	jimfs-1.1.jar | jimfs-1.1.pom
com.google.jimfs:jimfs-parent:1.1	The Apache Software License, Version 2.0	http://www.apache.org/licenses/LICENSE-2.0.txt	com.google.jimfs:jimfs-parent:1.1	c71555751e57e0ef912870e8ac9625ae782502a6a5b9c19ccf83b2a97d8b26bd	jimfs-parent-1.1.pom
com.google.protobuf:protobuf-bom:3.22.3	BSD-3-Clause	https://opensource.org/licenses/BSD-3-Clause	com.google.protobuf:protobuf-bom:3.22.3	13a32dfb9de6fc1c3c3f7af53e4d5c77fd77d2b476bae38b74b7581cdee2e655	protobuf-bom-3.22.3.pom
com.google.protobuf:protobuf-bom:3.25.5	BSD-3-Clause	https://opensource.org/licenses/BSD-3-Clause	com.google.protobuf:protobuf-bom:3.25.5	080e2984173238b50e064c226afffbb1b0233520295c790a7fd3d6ae4593f063	protobuf-bom-3.25.5.pom
com.google.protobuf:protobuf-bom:4.28.2	BSD-3-Clause	https://opensource.org/licenses/BSD-3-Clause	com.google.protobuf:protobuf-bom:4.28.2	43666cd072728c646cc45a614aeeead1e0b23f818f652982df279a0e5adaf316	protobuf-bom-4.28.2.pom
com.google.protobuf:protobuf-bom:4.28.3	BSD-3-Clause	https://opensource.org/licenses/BSD-3-Clause	com.google.protobuf:protobuf-bom:4.28.3	be3baa9b418864b5ed7d39c3beb3141d83fa78d124554eaa92083243dcbfb27a	protobuf-bom-4.28.3.pom
com.google.protobuf:protobuf-java:3.25.5	BSD-3-Clause	https://opensource.org/licenses/BSD-3-Clause	com.google.protobuf:protobuf-parent:3.25.5	e752032157a7a39be9be3786684075452a46cd586b2865abd33e707568a4c8af	protobuf-java-3.25.5.jar | protobuf-java-3.25.5.pom
com.google.protobuf:protobuf-java:4.28.2	BSD-3-Clause	https://opensource.org/licenses/BSD-3-Clause	com.google.protobuf:protobuf-parent:4.28.2	1eaecce23fb47b1ae54996f16c0d5485563a972ec262b78a8180e07f0aa77253	protobuf-java-4.28.2.pom
com.google.protobuf:protobuf-java:4.28.3	BSD-3-Clause	https://opensource.org/licenses/BSD-3-Clause	com.google.protobuf:protobuf-parent:4.28.3	f70bea74bd0b5325c2d2fc4d58d86163744019738d1ca436e067d733c5f7c125	protobuf-java-4.28.3.jar | protobuf-java-4.28.3.pom
com.google.protobuf:protobuf-java-util:3.22.3	BSD-3-Clause	https://opensource.org/licenses/BSD-3-Clause	com.google.protobuf:protobuf-parent:3.22.3	b44701b06a064865ec9b5614a93e9e28fadd7d4dfc4b460f21c819ef53dbe2d6	protobuf-java-util-3.22.3.jar | protobuf-java-util-3.22.3.pom
com.google.protobuf:protobuf-java-util:3.25.5	BSD-3-Clause	https://opensource.org/licenses/BSD-3-Clause	com.google.protobuf:protobuf-parent:3.25.5	a09d190eaa6a79616bc5f4b5404e94b0cab559803a98c8a090c4099962f41f92	protobuf-java-util-3.25.5.jar | protobuf-java-util-3.25.5.pom
com.google.protobuf:protobuf-java-util:4.28.3	BSD-3-Clause	https://opensource.org/licenses/BSD-3-Clause	com.google.protobuf:protobuf-parent:4.28.3	8800be4ec046d97d95992cc4f3c6239c86ceb474ea55782c3d00b3e3e023c21d	protobuf-java-util-4.28.3.jar | protobuf-java-util-4.28.3.pom
com.google.protobuf:protobuf-kotlin:4.28.3	BSD-3-Clause	https://opensource.org/licenses/BSD-3-Clause	com.google.protobuf:protobuf-parent:4.28.3	0da5f170879509408409493c7229caa3a3f8b72292080c60f6d11dcf584255f1	protobuf-kotlin-4.28.3.jar | protobuf-kotlin-4.28.3.pom
com.google.protobuf:protobuf-parent:3.22.3	BSD-3-Clause	https://opensource.org/licenses/BSD-3-Clause	com.google.protobuf:protobuf-parent:3.22.3	399133d7f6f57934dd76c4b18e86348f424532108daf4a01c8f820b8665f0929	protobuf-parent-3.22.3.pom
com.google.protobuf:protobuf-parent:3.25.5	BSD-3-Clause	https://opensource.org/licenses/BSD-3-Clause	com.google.protobuf:protobuf-parent:3.25.5	64cc0e3ad6e85f5aec8f9dcf9341d1379e9525364ff53e23e16d8d5824673ef7	protobuf-parent-3.25.5.pom
com.google.protobuf:protobuf-parent:4.28.2	BSD-3-Clause	https://opensource.org/licenses/BSD-3-Clause	com.google.protobuf:protobuf-parent:4.28.2	f7f23fc16ed463cf52579fffafa03940e8e653b33c6b4f106082c5bf15050f75	protobuf-parent-4.28.2.pom
com.google.protobuf:protobuf-parent:4.28.3	BSD-3-Clause	https://opensource.org/licenses/BSD-3-Clause	com.google.protobuf:protobuf-parent:4.28.3	5364cdc058b2e5a212af6dfc1894299070dd434026a15827bbe313774489f403	protobuf-parent-4.28.3.pom
com.google.testing.platform:android-device-provider-local:0.0.9-alpha04	Android Software Development Kit License Agreement	https://developer.android.com/studio/terms	com.google.testing.platform:android-device-provider-local:0.0.9-alpha04	00c8e427d5caa8efd8daca2647b2213cb402b9d39275a3a82d88977f270ff713	android-device-provider-local-0.0.9-alpha04.jar | android-device-provider-local-0.0.9-alpha04.pom
com.google.testing.platform:android-driver-instrumentation:0.0.9-alpha04	Android Software Development Kit License Agreement	https://developer.android.com/studio/terms	com.google.testing.platform:android-driver-instrumentation:0.0.9-alpha04	0e3eefae7ec14a100fede68fb586b16b3990d53a68ace4ef3fefbca66c2bb835	android-driver-instrumentation-0.0.9-alpha04.jar | android-driver-instrumentation-0.0.9-alpha04.pom
com.google.testing.platform:android-test-plugin:0.0.9-alpha04	Android Software Development Kit License Agreement	https://developer.android.com/studio/terms	com.google.testing.platform:android-test-plugin:0.0.9-alpha04	28563d695baea3c45363c8792b9954f7e7c173cda489848fb52a919e90df9576	android-test-plugin-0.0.9-alpha04.jar | android-test-plugin-0.0.9-alpha04.pom
com.google.testing.platform:core:0.0.9-alpha04	Android Software Development Kit License Agreement	https://developer.android.com/studio/terms	com.google.testing.platform:core:0.0.9-alpha04	a7b6ed15167c7a3c26deca562f76ee99aedb2b8fd35ca6f32c5a9bfb843f69b1	core-0.0.9-alpha04.jar | core-0.0.9-alpha04.pom
com.google.testing.platform:core-proto:0.0.9-alpha04	The Apache Software License, Version 2.0	http://www.apache.org/licenses/LICENSE-2.0.txt	com.google.testing.platform:core-proto:0.0.9-alpha04	6228d96b554334f904c456f19bd6088d4ec62380f41066dc3f56db039dbdc2f0	core-proto-0.0.9-alpha04.jar | core-proto-0.0.9-alpha04.pom
com.google.testing.platform:launcher:0.0.9-alpha04	Android Software Development Kit License Agreement	https://developer.android.com/studio/terms	com.google.testing.platform:launcher:0.0.9-alpha04	5cbc029be3c3cb9cf757a5979f0d1845dd561826601e3f69f83bd8e0b139280c	launcher-0.0.9-alpha04.jar | launcher-0.0.9-alpha04.pom
com.googlecode.juniversalchardet:juniversalchardet:1.0.3	Mozilla Public License 1.1 (MPL 1.1)	http://www.mozilla.org/MPL/MPL-1.1.html	com.googlecode.juniversalchardet:juniversalchardet:1.0.3	7846399b35c7cd642a9b3a000c3e2d62d04eb37a4547b6933cc8b18bcc2f086b	juniversalchardet-1.0.3.jar | juniversalchardet-1.0.3.pom
com.intellij:annotations:12.0	Apache License 2	http://www.apache.org/licenses/LICENSE-2.0.txt	com.intellij:annotations:12.0	faf82de0dc02e0c0ae327cd653f37255496b2e53fce280b3ab4cb34553a89086	annotations-12.0.jar | annotations-12.0.pom
com.squareup:javapoet:1.13.0	Apache 2.0	http://www.apache.org/licenses/LICENSE-2.0.txt	com.squareup:javapoet:1.13.0	54a34fa8502a46bc90efdb49262600591fa80bf9a34f5a4c798311aec16ca977	javapoet-1.13.0.jar | javapoet-1.13.0.pom
com.squareup:javawriter:2.1.1	Apache 2.0	http://www.apache.org/licenses/LICENSE-2.0.txt	com.squareup:javawriter:2.1.1	d47fc646324c22c66f2b0e0e743c850dde9a51990c53925e7501d960f2e8df84	javawriter-2.1.1.jar | javawriter-2.1.1.pom
com.squareup:javawriter:2.5.0	Apache 2.0	http://www.apache.org/licenses/LICENSE-2.0.txt	com.squareup:javawriter:2.5.0	e1abd7f1116cf5e0c59947693e2189208ec94296b2a3394c959e3511d399a7b0	javawriter-2.5.0.jar | javawriter-2.5.0.pom
com.squareup:kotlinpoet:2.0.0	The Apache Software License, Version 2.0	https://www.apache.org/licenses/LICENSE-2.0.txt	com.squareup:kotlinpoet:2.0.0	10c3349a6c859576e5b83a64a939c37cecebbcc469bf5c166ada5a5904e35c3a	kotlinpoet-2.0.0.module
com.squareup:kotlinpoet-javapoet:2.0.0	The Apache Software License, Version 2.0	https://www.apache.org/licenses/LICENSE-2.0.txt	com.squareup:kotlinpoet-javapoet:2.0.0	aeef5a7b10ef2a5a868e5d7f94b7f45931070b8c85d6ff350e393d526aa8bc44	kotlinpoet-javapoet-2.0.0.jar | kotlinpoet-javapoet-2.0.0.module
com.squareup:kotlinpoet-jvm:2.0.0	The Apache Software License, Version 2.0	https://www.apache.org/licenses/LICENSE-2.0.txt	com.squareup:kotlinpoet-jvm:2.0.0	4f743a117b2969aaa4bdff734ebd53d605976cc98e69e7f0662b45adb1fbcaed	kotlinpoet-jvm-2.0.0.jar | kotlinpoet-jvm-2.0.0.module
com.sun.activation:all:1.2.1	EDL 1.0	http://www.eclipse.org/org/documents/edl-v10.php	com.sun.activation:all:1.2.1	360883bf64486ecef161b8f282f6503536dd1a670d53a0a871c8fb20170e6795	all-1.2.1.pom
com.sun.istack:istack-commons:3.0.8	Eclipse Distribution License - v 1.0	http://www.eclipse.org/org/documents/edl-v10.php	com.sun.istack:istack-commons:3.0.8	a0f0517e8512f0fbcc7b8295c12f6566a3d0c2d86d655639dc662ef8c0c7ebe5	istack-commons-3.0.8.pom
com.sun.istack:istack-commons-runtime:3.0.8	Eclipse Distribution License - v 1.0	http://www.eclipse.org/org/documents/edl-v10.php	com.sun.istack:istack-commons:3.0.8	c2e014d34cb84ed287d064986c45c305a4124228a7337eccf6c421d14d708f1c	istack-commons-runtime-3.0.8.jar | istack-commons-runtime-3.0.8.pom
com.sun.xml.bind:jaxb-bom-ext:2.3.2	Eclipse Public License v. 2.0 | GNU General Public License, version 2 with the GNU Classpath Exception	https://www.eclipse.org/org/documents/epl-2.0/EPL-2.0.txt | https://www.gnu.org/software/classpath/license.html	org.eclipse.ee4j:project:1.0.5	1a7dec2b27e7e055744cdb8cf1b90def4fd473acd1b804eff098139358959bd7	jaxb-bom-ext-2.3.2.pom
com.sun.xml.bind.mvn:jaxb-parent:2.3.2	Eclipse Distribution License - v 1.0	http://www.eclipse.org/org/documents/edl-v10.php	com.sun.xml.bind.mvn:jaxb-parent:2.3.2	20dd6dc34ab7549ac40da1d82e92222ec4347ad0ec0cb118ef6c5703bed53a18	jaxb-parent-2.3.2.pom
com.sun.xml.bind.mvn:jaxb-runtime-parent:2.3.2	Eclipse Distribution License - v 1.0	http://www.eclipse.org/org/documents/edl-v10.php	com.sun.xml.bind.mvn:jaxb-parent:2.3.2	b24f8d51f184a68bc1b86d48c0e3cfefeb21a44ede1c5f7303c58ae0488533ec	jaxb-runtime-parent-2.3.2.pom
com.sun.xml.bind.mvn:jaxb-txw-parent:2.3.2	Eclipse Distribution License - v 1.0	http://www.eclipse.org/org/documents/edl-v10.php	com.sun.xml.bind.mvn:jaxb-parent:2.3.2	b55d3efa9b158f483a30e92c78ccb600f93314733d089eba9b74436f01b314a4	jaxb-txw-parent-2.3.2.pom
com.sun.xml.fastinfoset:FastInfoset:1.2.16	Apache License, Version 2.0 | Eclipse Distribution License - v 1.0	http://www.opensource.org/licenses/apache2.0.php | http://www.eclipse.org/org/documents/edl-v10.php	com.sun.xml.fastinfoset:fastinfoset-project:1.2.16	e147d258ab6e6691f70599a952400e6e6c7558f8c9c028dbe1be23178308e830	FastInfoset-1.2.16.jar | FastInfoset-1.2.16.pom
com.sun.xml.fastinfoset:fastinfoset-project:1.2.16	Apache License, Version 2.0 | Eclipse Distribution License - v 1.0	http://www.opensource.org/licenses/apache2.0.php | http://www.eclipse.org/org/documents/edl-v10.php	com.sun.xml.fastinfoset:fastinfoset-project:1.2.16	90582425adc1f40b41362dafb95173931225acaa5e79620d5e6bd52f646292ba	fastinfoset-project-1.2.16.pom
commons-codec:commons-codec:1.15	Apache License, Version 2.0	https://www.apache.org/licenses/LICENSE-2.0.txt	org.apache:apache:23	c86ee198a35a3715487860f419cbf642e7e4d9e8714777947dbe6a4e3a20ab58	commons-codec-1.15.jar | commons-codec-1.15.pom
commons-codec:commons-codec:1.17.1	Apache-2.0	https://www.apache.org/licenses/LICENSE-2.0.txt	org.apache:apache:32	7fa0db4d8150daf932958b8aea89ee24abb4d18e2316a5de535278fc131512a0	commons-codec-1.17.1.jar | commons-codec-1.17.1.pom
commons-io:commons-io:2.16.1	Apache-2.0	https://www.apache.org/licenses/LICENSE-2.0.txt	org.apache:apache:31	5777d292251c7895c04a4c57015683ec3b353a12486c9b3e7178e9b0b3c38fff	commons-io-2.16.1.jar | commons-io-2.16.1.pom
commons-logging:commons-logging:1.2	The Apache Software License, Version 2.0	http://www.apache.org/licenses/LICENSE-2.0.txt	org.apache:apache:13	c91ab5aa570d86f6fd07cc158ec6bc2c50080402972ee9179fe24100739fbb20	commons-logging-1.2.jar | commons-logging-1.2.pom
io.github.java-diff-utils:java-diff-utils:4.12	The Apache Software License, Version 2.0	http://www.apache.org/licenses/LICENSE-2.0.txt	io.github.java-diff-utils:java-diff-utils-parent:4.12	c26e097edc8ec6805d1319817d23d4e496cc1015cc55dc5202112d8f6a9165fc	java-diff-utils-4.12.jar | java-diff-utils-4.12.pom
io.github.java-diff-utils:java-diff-utils-parent:4.12	The Apache Software License, Version 2.0	http://www.apache.org/licenses/LICENSE-2.0.txt	io.github.java-diff-utils:java-diff-utils-parent:4.12	d811cf9f118cc2cad130c9427ad55c174d4c0a6f1a00ac1ae1c9bcbec5c44b19	java-diff-utils-parent-4.12.pom
io.grpc:grpc-api:1.57.2	Apache 2.0	https://opensource.org/licenses/Apache-2.0	io.grpc:grpc-api:1.57.2	c7df4551a64f0282a766e809514d4238450a7429055f9c7718881d16a310a026	grpc-api-1.57.2.jar | grpc-api-1.57.2.pom
io.grpc:grpc-api:1.69.1	Apache 2.0	https://opensource.org/licenses/Apache-2.0	io.grpc:grpc-api:1.69.1	beaf2e475d5c45d0634d4d324bf84db2a8d6a92922971e6f7dc27e851c42907f	grpc-api-1.69.1.jar | grpc-api-1.69.1.pom
io.grpc:grpc-context:1.27.2	Apache 2.0	https://opensource.org/licenses/Apache-2.0	io.grpc:grpc-context:1.27.2	0f212b14ebd834cbed9bd8869a5d6c9c1798eceb512c7fcc28da89f6f8a4edd8	grpc-context-1.27.2.pom
io.grpc:grpc-context:1.57.2	Apache 2.0	https://opensource.org/licenses/Apache-2.0	io.grpc:grpc-context:1.57.2	8927f77d6381e24487682708196a6ca728368b8fd7cebb104fd9324b6b124917	grpc-context-1.57.2.jar | grpc-context-1.57.2.pom
io.grpc:grpc-context:1.69.1	Apache 2.0	https://opensource.org/licenses/Apache-2.0	io.grpc:grpc-context:1.69.1	6de29bceab25a1bd0be11eea8468d0e3f1c0c476d0a533215b4fde1c8284b570	grpc-context-1.69.1.jar | grpc-context-1.69.1.pom
io.grpc:grpc-core:1.57.2	Apache 2.0	https://opensource.org/licenses/Apache-2.0	io.grpc:grpc-core:1.57.2	0a97201afe17874f035f8a25ffb970678e49aadf2992c7d97c6ff9fb1d5da211	grpc-core-1.57.2.jar | grpc-core-1.57.2.pom
io.grpc:grpc-core:1.69.1	Apache 2.0	https://opensource.org/licenses/Apache-2.0	io.grpc:grpc-core:1.69.1	968098f4a8451bbcd3d7b88c6a8ab5b7a74ef80dfdee7a6052f352fff783b2c5	grpc-core-1.69.1.jar | grpc-core-1.69.1.pom
io.grpc:grpc-netty:1.57.2	Apache 2.0	https://opensource.org/licenses/Apache-2.0	io.grpc:grpc-netty:1.57.2	8b12161cf2aacfbf398fb5afc3b0d73a21af206ba50c3d8f7bf4f6c4b375ebf8	grpc-netty-1.57.2.jar | grpc-netty-1.57.2.pom
io.grpc:grpc-netty:1.69.1	Apache 2.0	https://opensource.org/licenses/Apache-2.0	io.grpc:grpc-netty:1.69.1	8f06650cc91428cc513111bfebbeabf79994185d72444b02e5dfaca38be43714	grpc-netty-1.69.1.jar | grpc-netty-1.69.1.pom
io.grpc:grpc-protobuf:1.57.2	Apache 2.0	https://opensource.org/licenses/Apache-2.0	io.grpc:grpc-protobuf:1.57.2	c5e2292802053977f04610b170484a9a1ea6af1541c144b27d18840ac544fa9d	grpc-protobuf-1.57.2.jar | grpc-protobuf-1.57.2.pom
io.grpc:grpc-protobuf:1.69.1	Apache 2.0	https://opensource.org/licenses/Apache-2.0	io.grpc:grpc-protobuf:1.69.1	bf4ca76d2ace44d9694714fbcf3fd729c98ef2e5863ab920a483c052a22f4423	grpc-protobuf-1.69.1.jar | grpc-protobuf-1.69.1.pom
io.grpc:grpc-protobuf-lite:1.57.2	Apache 2.0	https://opensource.org/licenses/Apache-2.0	io.grpc:grpc-protobuf-lite:1.57.2	60778c1ea407a3ba0a7f0f09df099e8272278e8abc29822c9cf50e1a052f1b75	grpc-protobuf-lite-1.57.2.jar | grpc-protobuf-lite-1.57.2.pom
io.grpc:grpc-protobuf-lite:1.69.1	Apache 2.0	https://opensource.org/licenses/Apache-2.0	io.grpc:grpc-protobuf-lite:1.69.1	263f1f844d756c15db5fab8869965e33722b3f4fe907fe1c885a90e046461731	grpc-protobuf-lite-1.69.1.jar | grpc-protobuf-lite-1.69.1.pom
io.grpc:grpc-services:1.57.2	Apache 2.0	https://opensource.org/licenses/Apache-2.0	io.grpc:grpc-services:1.57.2	747601a03a58a18979819ac52ceffc586b8f9c6a6b422e1723f326af48813eb9	grpc-services-1.57.2.jar | grpc-services-1.57.2.pom
io.grpc:grpc-stub:1.57.2	Apache 2.0	https://opensource.org/licenses/Apache-2.0	io.grpc:grpc-stub:1.57.2	2159e614a8794775eb98e2e1c85834ab4e5911be1c4a75c7163a993e9c892bac	grpc-stub-1.57.2.jar | grpc-stub-1.57.2.pom
io.grpc:grpc-stub:1.69.1	Apache 2.0	https://opensource.org/licenses/Apache-2.0	io.grpc:grpc-stub:1.69.1	f5ad8157ec40d8a2347632965d6a03d18a48ad4625f32eb64b37a7a470ce53bb	grpc-stub-1.69.1.jar | grpc-stub-1.69.1.pom
io.grpc:grpc-util:1.69.1	Apache 2.0	https://opensource.org/licenses/Apache-2.0	io.grpc:grpc-util:1.69.1	d20d3468cb74d56be55ed3d46f63ca38ee4bca0918d9aad7277a448f6e07a5b4	grpc-util-1.69.1.jar | grpc-util-1.69.1.pom
io.netty:netty-buffer:4.1.110.Final	Apache License, Version 2.0	https://www.apache.org/licenses/LICENSE-2.0	io.netty:netty-parent:4.1.110.Final	710ac19cc01cd80df6be9a3faad3c222b4a1a32f4b55137be07b6099d5da3562	netty-buffer-4.1.110.Final.jar | netty-buffer-4.1.110.Final.pom
io.netty:netty-buffer:4.1.93.Final	Apache License, Version 2.0	https://www.apache.org/licenses/LICENSE-2.0	io.netty:netty-parent:4.1.93.Final	83fbc54e2b73b86d55b208f618d1a2a156910ec146f7ece57565007b750add78	netty-buffer-4.1.93.Final.jar | netty-buffer-4.1.93.Final.pom
io.netty:netty-codec:4.1.110.Final	Apache License, Version 2.0	https://www.apache.org/licenses/LICENSE-2.0	io.netty:netty-parent:4.1.110.Final	a806bb536bb323665baff7cd1223f2b272a2d4717ab4f9b12361086daae5df3e	netty-codec-4.1.110.Final.jar | netty-codec-4.1.110.Final.pom
io.netty:netty-codec:4.1.93.Final	Apache License, Version 2.0	https://www.apache.org/licenses/LICENSE-2.0	io.netty:netty-parent:4.1.93.Final	19cded267a070dff1abc9d029b552fad262acc1aba5c6c67b2278fca113a26ab	netty-codec-4.1.93.Final.jar | netty-codec-4.1.93.Final.pom
io.netty:netty-codec-http:4.1.110.Final	Apache License, Version 2.0	https://www.apache.org/licenses/LICENSE-2.0	io.netty:netty-parent:4.1.110.Final	51ae990af14a321db6d3d6884b917b7d4363eb60dddc0f1493b18021a142e7ad	netty-codec-http-4.1.110.Final.jar | netty-codec-http-4.1.110.Final.pom
io.netty:netty-codec-http:4.1.93.Final	Apache License, Version 2.0	https://www.apache.org/licenses/LICENSE-2.0	io.netty:netty-parent:4.1.93.Final	a3dafff071b6d284e8063d96843de2bb83cf3b889eae0cc9e0adb64a57a31b82	netty-codec-http-4.1.93.Final.jar | netty-codec-http-4.1.93.Final.pom
io.netty:netty-codec-http2:4.1.110.Final	Apache License, Version 2.0	https://www.apache.org/licenses/LICENSE-2.0	io.netty:netty-parent:4.1.110.Final	29d2f6c26c3cca9fe8393671707fe8ef9c3e31020a2dfe06b82c426499c25837	netty-codec-http2-4.1.110.Final.jar | netty-codec-http2-4.1.110.Final.pom
io.netty:netty-codec-http2:4.1.93.Final	Apache License, Version 2.0	https://www.apache.org/licenses/LICENSE-2.0	io.netty:netty-parent:4.1.93.Final	084433b42d541f7ac4b59287dd253285cfda3a3d65de72e7368bb7ec3d367271	netty-codec-http2-4.1.93.Final.jar | netty-codec-http2-4.1.93.Final.pom
io.netty:netty-codec-socks:4.1.110.Final	Apache License, Version 2.0	https://www.apache.org/licenses/LICENSE-2.0	io.netty:netty-parent:4.1.110.Final	ffe57b316191dd4f96bee66c5709c13cbdb4ecab085c010c8db0c6aa809abf6c	netty-codec-socks-4.1.110.Final.jar | netty-codec-socks-4.1.110.Final.pom
io.netty:netty-codec-socks:4.1.93.Final	Apache License, Version 2.0	https://www.apache.org/licenses/LICENSE-2.0	io.netty:netty-parent:4.1.93.Final	8cd816ed991a946041bab4cb24bd9c8e41ee0692512511f2d83cef538eb605d7	netty-codec-socks-4.1.93.Final.jar | netty-codec-socks-4.1.93.Final.pom
io.netty:netty-common:4.1.110.Final	Apache License, Version 2.0	https://www.apache.org/licenses/LICENSE-2.0	io.netty:netty-parent:4.1.110.Final	7d417f5335304dae1ea08a06586038c83fe8ad84c1d35baa15ed11921cef7920	netty-common-4.1.110.Final.jar | netty-common-4.1.110.Final.pom
io.netty:netty-common:4.1.93.Final	Apache License, Version 2.0	https://www.apache.org/licenses/LICENSE-2.0	io.netty:netty-parent:4.1.93.Final	42d883b13eb38cabf549616462c5f331f5333bf0c8fc9215744f83c0180a4f6b	netty-common-4.1.93.Final.jar | netty-common-4.1.93.Final.pom
io.netty:netty-handler:4.1.110.Final	Apache License, Version 2.0	https://www.apache.org/licenses/LICENSE-2.0	io.netty:netty-parent:4.1.110.Final	4d43c13d14f5635a2f8b0d5094d7a31c509ee0f52c724eba0ef30cffe3ea1555	netty-handler-4.1.110.Final.jar | netty-handler-4.1.110.Final.pom
io.netty:netty-handler:4.1.93.Final	Apache License, Version 2.0	https://www.apache.org/licenses/LICENSE-2.0	io.netty:netty-parent:4.1.93.Final	84a1525cac0b4759efaef2997a47fe19b9b5642f9273fa0fd58a2e76c7a059fe	netty-handler-4.1.93.Final.jar | netty-handler-4.1.93.Final.pom
io.netty:netty-handler-proxy:4.1.110.Final	Apache License, Version 2.0	https://www.apache.org/licenses/LICENSE-2.0	io.netty:netty-parent:4.1.110.Final	c613cb4e7e06f42efa31db8d8b2a339ed8bf41f00c46d38d0909a4c06c656dcf	netty-handler-proxy-4.1.110.Final.jar | netty-handler-proxy-4.1.110.Final.pom
io.netty:netty-handler-proxy:4.1.93.Final	Apache License, Version 2.0	https://www.apache.org/licenses/LICENSE-2.0	io.netty:netty-parent:4.1.93.Final	6dc50da0e67f597812874f81eaa45404f7d076b8199ea9088932a85c1b610245	netty-handler-proxy-4.1.93.Final.jar | netty-handler-proxy-4.1.93.Final.pom
io.netty:netty-parent:4.1.110.Final	Apache License, Version 2.0	https://www.apache.org/licenses/LICENSE-2.0	io.netty:netty-parent:4.1.110.Final	685adaf373666fc15427c810f8aff3a4fe194a97c7ed74b69d07c548f0d42f1c	netty-parent-4.1.110.Final.pom
io.netty:netty-parent:4.1.93.Final	Apache License, Version 2.0	https://www.apache.org/licenses/LICENSE-2.0	io.netty:netty-parent:4.1.93.Final	b109cb76f375fedb8a9ef75ac58063170deb7ea2ddd024f466fef6dc65cdfcee	netty-parent-4.1.93.Final.pom
io.netty:netty-resolver:4.1.110.Final	Apache License, Version 2.0	https://www.apache.org/licenses/LICENSE-2.0	io.netty:netty-parent:4.1.110.Final	655f34192e8c7618b3c5a79e488e4daa35def41b0d16d45fa36523c3b4c9f641	netty-resolver-4.1.110.Final.jar | netty-resolver-4.1.110.Final.pom
io.netty:netty-resolver:4.1.93.Final	Apache License, Version 2.0	https://www.apache.org/licenses/LICENSE-2.0	io.netty:netty-parent:4.1.93.Final	5b350c3c91e9e55d29cbe68cfe4ef2116cc1f0328677ebf9f615bab7082c79f4	netty-resolver-4.1.93.Final.jar | netty-resolver-4.1.93.Final.pom
io.netty:netty-transport:4.1.110.Final	Apache License, Version 2.0	https://www.apache.org/licenses/LICENSE-2.0	io.netty:netty-parent:4.1.110.Final	30f5da0e7646f1840d632f88615c8b9d8205499d68559b9c4547b3b04a0683cd	netty-transport-4.1.110.Final.jar | netty-transport-4.1.110.Final.pom
io.netty:netty-transport:4.1.93.Final	Apache License, Version 2.0	https://www.apache.org/licenses/LICENSE-2.0	io.netty:netty-parent:4.1.93.Final	0dd62a0eb3cb1ea001a4d0426e4f5c08df1c70d9265675bffa5c583613422d43	netty-transport-4.1.93.Final.jar | netty-transport-4.1.93.Final.pom
io.netty:netty-transport-native-unix-common:4.1.110.Final	Apache License, Version 2.0	https://www.apache.org/licenses/LICENSE-2.0	io.netty:netty-parent:4.1.110.Final	ea18ce04c9a97ac0c51f4e397b185229fd95997e90b11339adcf7c51946d53d8	netty-transport-native-unix-common-4.1.110.Final.jar | netty-transport-native-unix-common-4.1.110.Final.pom
io.netty:netty-transport-native-unix-common:4.1.93.Final	Apache License, Version 2.0	https://www.apache.org/licenses/LICENSE-2.0	io.netty:netty-parent:4.1.93.Final	15bc25b67ff0a49272b270ef2b8cffd620057ca16cb29dff7ad5661adca2ae12	netty-transport-native-unix-common-4.1.93.Final.jar | netty-transport-native-unix-common-4.1.93.Final.pom
io.opencensus:opencensus-api:0.31.0	The Apache License, Version 2.0	http://www.apache.org/licenses/LICENSE-2.0.txt	io.opencensus:opencensus-api:0.31.0	9b479591e7c3e0ab45381fa043a91657815bdd8c3593af010c7ac36f4c905919	opencensus-api-0.31.0.jar | opencensus-api-0.31.0.pom
io.opencensus:opencensus-proto:0.2.0	The Apache License, Version 2.0	http://www.apache.org/licenses/LICENSE-2.0.txt	io.opencensus:opencensus-proto:0.2.0	b7087907920fc8a81534686b2f1a2b331127af97f015abbdb3786a51f3fa1e52	opencensus-proto-0.2.0.jar | opencensus-proto-0.2.0.pom
io.perfmark:perfmark-api:0.26.0	Apache 2.0	https://opensource.org/licenses/Apache-2.0	io.perfmark:perfmark-api:0.26.0	7edee48616e17b61297eae3a82eb483a85e56d2567929378aa46f30a950322da	perfmark-api-0.26.0.jar | perfmark-api-0.26.0.module
io.perfmark:perfmark-api:0.27.0	Apache 2.0	https://opensource.org/licenses/Apache-2.0	io.perfmark:perfmark-api:0.27.0	22c175c2c1823667630c84e73225767f5970492d8e6cbffb81a6575dba472d26	perfmark-api-0.27.0.jar | perfmark-api-0.27.0.module
jakarta.activation:jakarta.activation-api:1.2.1	EDL 1.0	http://www.eclipse.org/org/documents/edl-v10.php	com.sun.activation:all:1.2.1	42585cb07dda7f23aa04eb5e0940061944a246a67ad3d16942fbe569ff03cd31	jakarta.activation-api-1.2.1.jar | jakarta.activation-api-1.2.1.pom
jakarta.inject:jakarta.inject-api:2.0.1	The Apache Software License, Version 2.0	http://www.apache.org/licenses/LICENSE-2.0.txt	jakarta.inject:jakarta.inject-api:2.0.1	e7fd7232e96307a575b2494c9367d68cf43ec98244aace3ccc23e1773ffa6fda	jakarta.inject-api-2.0.1.jar | jakarta.inject-api-2.0.1.pom
jakarta.xml.bind:jakarta.xml.bind-api:2.3.2	Eclipse Distribution License - v 1.0	http://www.eclipse.org/org/documents/edl-v10.php	jakarta.xml.bind:jakarta.xml.bind-api-parent:2.3.2	b537b388dbab4cc0690b9d2fb0c74124d672531734567acf6e53130eab131ad6	jakarta.xml.bind-api-2.3.2.jar | jakarta.xml.bind-api-2.3.2.pom
jakarta.xml.bind:jakarta.xml.bind-api-parent:2.3.2	Eclipse Distribution License - v 1.0	http://www.eclipse.org/org/documents/edl-v10.php	jakarta.xml.bind:jakarta.xml.bind-api-parent:2.3.2	15a55b7d537c9f9970aead28d2af97c059f65ff6102f76bbd29f1247dd8a6dfb	jakarta.xml.bind-api-parent-2.3.2.pom
javax.annotation:javax.annotation-api:1.3.2	CDDL + GPLv2 with classpath exception	https://github.com/javaee/javax.annotation/blob/master/LICENSE	javax.annotation:javax.annotation-api:1.3.2	46a4a251ca406e78e4853d7a2bae83282844a4992851439ee9a1f23716f06b97	javax.annotation-api-1.3.2.jar | javax.annotation-api-1.3.2.pom
javax.inject:javax.inject:1	The Apache Software License, Version 2.0	http://www.apache.org/licenses/LICENSE-2.0.txt	javax.inject:javax.inject:1	943e12b100627804638fa285805a0ab788a680266531e650921ebfe4621a8bfa	javax.inject-1.jar | javax.inject-1.pom
junit:junit:4.13.2	Eclipse Public License 1.0	http://www.eclipse.org/legal/epl-v10.html	junit:junit:4.13.2	569b6977ee4603c965c1c46c3058fa6e969291b0160eb6964dd092cd89eadd94	junit-4.13.2.jar | junit-4.13.2.pom
net.java:jvnet-parent:3	No explicit POM license; metadata-only review required		net.java:jvnet-parent:3	30f5789efa39ddbf96095aada3fc1260c4561faf2f714686717cb2dc5049475a	jvnet-parent-3.pom
net.java.dev.jna:jna:5.6.0	LGPL, version 2.1 | Apache License v2.0	http://www.gnu.org/licenses/licenses.html | http://www.apache.org/licenses/LICENSE-2.0.txt	net.java.dev.jna:jna:5.6.0	5fe81b0255978f24616d37b10608b79498a5f3073e1d9b2038d8736a831f2608	jna-5.6.0.jar | jna-5.6.0.pom
net.java.dev.jna:jna-platform:5.6.0	LGPL, version 2.1 | Apache License v2.0	http://www.gnu.org/licenses/licenses.html | http://www.apache.org/licenses/LICENSE-2.0.txt	net.java.dev.jna:jna-platform:5.6.0	1beb35cb4184e6c906a7e32eaebd852dd3da0a263962e99134ab945832394e28	jna-platform-5.6.0.jar | jna-platform-5.6.0.pom
net.sf.jopt-simple:jopt-simple:4.9	The MIT License	http://www.opensource.org/licenses/mit-license.php	net.sf.jopt-simple:jopt-simple:4.9	7af7e2d8b24b4798f04c2b7da24c9fbd1b7557b4e017c2054481565916079092	jopt-simple-4.9.jar | jopt-simple-4.9.pom
net.sf.kxml:kxml2:2.3.0	BSD style | Public Domain	http://kxml.cvs.sourceforge.net/viewvc/kxml/kxml2/license.txt?view=markup | http://creativecommons.org/licenses/publicdomain	net.sf.kxml:kxml2:2.3.0	31ce606f4e9518936299bb0d27c978fa61e185fd1de7c9874fe959a53e34a685	kxml2-2.3.0.jar | kxml2-2.3.0.pom
org.apache:apache:13	The Apache Software License, Version 2.0	http://www.apache.org/licenses/LICENSE-2.0.txt	org.apache:apache:13	ff513db0361fd41237bef4784968bc15aae478d4ec0a9496f811072ccaf3841d	apache-13.pom
org.apache:apache:18	Apache License, Version 2.0	https://www.apache.org/licenses/LICENSE-2.0.txt	org.apache:apache:18	7831307285fd475bbc36b20ae38e7882f11c3153b1d5930f852d44eda8f33c17	apache-18.pom
org.apache:apache:21	Apache License, Version 2.0	https://www.apache.org/licenses/LICENSE-2.0.txt	org.apache:apache:21	af10c108da014f17cafac7b52b2b4b5a3a1c18265fa2af97a325d9143537b380	apache-21.pom
org.apache:apache:23	Apache License, Version 2.0	https://www.apache.org/licenses/LICENSE-2.0.txt	org.apache:apache:23	bc10624e0623f36577fac5639ca2936d3240ed152fb6d8d533ab4d270543491c	apache-23.pom
org.apache:apache:31	Apache-2.0	https://www.apache.org/licenses/LICENSE-2.0.txt	org.apache:apache:31	555d0c9eaa69c042aff924927b9381e8f8174136d355eead445224452e6291cc	apache-31.pom
org.apache:apache:32	Apache-2.0	https://www.apache.org/licenses/LICENSE-2.0.txt	org.apache:apache:32	cfd872c0ec27f53ae68f43dbc0fecded8add773079a53afbd390e407b42ce72f	apache-32.pom
org.apache:apache:33	Apache-2.0	https://www.apache.org/licenses/LICENSE-2.0.txt	org.apache:apache:33	d78bd8524c5f8380a190a6525686629a95dfe512df21111383a6d8c0923a4415	apache-33.pom
org.apache.commons:commons-compress:1.27.1	Apache-2.0	https://www.apache.org/licenses/LICENSE-2.0.txt	org.apache:apache:33	df8cc1a8387d4ce842363b7209fdc6d35df9763839fd3fcab558a0f83f9d841c	commons-compress-1.27.1.jar | commons-compress-1.27.1.pom
org.apache.commons:commons-lang3:3.16.0	Apache-2.0	https://www.apache.org/licenses/LICENSE-2.0.txt	org.apache:apache:33	e280383956c2e72c1deb3a307b3b75f05ee43649b7d43f0215f7b6c7b15eea2c	commons-lang3-3.16.0.jar | commons-lang3-3.16.0.pom
org.apache.commons:commons-parent:34	The Apache Software License, Version 2.0	http://www.apache.org/licenses/LICENSE-2.0.txt	org.apache:apache:13	3a2e69d06d641d1f3b293126dc9e2e4ea6563bf8c36c87e0ab6fa4292d04b79c	commons-parent-34.pom
org.apache.commons:commons-parent:52	Apache License, Version 2.0	https://www.apache.org/licenses/LICENSE-2.0.txt	org.apache:apache:23	75dbe8f34e98e4c3ff42daae4a2f9eb4cbcd3b5f1047d54460ace906dbb4502e	commons-parent-52.pom
org.apache.commons:commons-parent:69	Apache-2.0	https://www.apache.org/licenses/LICENSE-2.0.txt	org.apache:apache:31	d50da9c39bdca823d618d1b4a03b73f196497fcb8616fd0da727c8623592a9bb	commons-parent-69.pom
org.apache.commons:commons-parent:71	Apache-2.0	https://www.apache.org/licenses/LICENSE-2.0.txt	org.apache:apache:32	95b7be70f316ae4ca22f6fbdd08de2182e87cd874a650de7c3d3386a747a82a3	commons-parent-71.pom
org.apache.commons:commons-parent:72	Apache-2.0	https://www.apache.org/licenses/LICENSE-2.0.txt	org.apache:apache:33	4345debfc767b1aeac68abdd72fc67d18b521d4b390372a11b63ff0c586b2320	commons-parent-72.pom
org.apache.httpcomponents:httpclient:4.5.14	Apache License, Version 2.0	http://www.apache.org/licenses/LICENSE-2.0.txt	org.apache.httpcomponents:httpcomponents-client:4.5.14	f18355af4cf80a8a4ef04ebd742a47e90a7eaf080c725b2095dbc4fc5dbdefb7	httpclient-4.5.14.jar | httpclient-4.5.14.pom
org.apache.httpcomponents:httpclient:4.5.6	Apache License, Version 2.0	http://www.apache.org/licenses/LICENSE-2.0.txt	org.apache.httpcomponents:httpcomponents-client:4.5.6	7efc1241e73e7fbb268bfd33242d11ebd3ca07061d7d85f2962dc32a0f0b8855	httpclient-4.5.6.jar | httpclient-4.5.6.pom
org.apache.httpcomponents:httpcomponents-client:4.5.14	Apache License, Version 2.0	http://www.apache.org/licenses/LICENSE-2.0.txt	org.apache.httpcomponents:httpcomponents-client:4.5.14	5bad1de4f101447659f89d089868ccbad64a68cc503d2d65410b51f6904aa061	httpcomponents-client-4.5.14.pom
org.apache.httpcomponents:httpcomponents-client:4.5.6	Apache License, Version 2.0	http://www.apache.org/licenses/LICENSE-2.0.txt	org.apache.httpcomponents:httpcomponents-client:4.5.6	b042b41f2391edb00d35f7f4e509aed2123648c1d246ce58d0f7b905c9fe1f73	httpcomponents-client-4.5.6.pom
org.apache.httpcomponents:httpcomponents-core:4.4.16	Apache License, Version 2.0	http://www.apache.org/licenses/LICENSE-2.0.txt	org.apache.httpcomponents:httpcomponents-core:4.4.16	f2d75a2c2d423ad18539bf21656d56f88a4091944a662fcaf159d5ae283db7f7	httpcomponents-core-4.4.16.pom
org.apache.httpcomponents:httpcomponents-parent:10	Apache License, Version 2.0	https://www.apache.org/licenses/LICENSE-2.0.txt	org.apache:apache:18	caaf967d94afb21753f36082c6086206bd1f48825ff596932cceba72b65d39fa	httpcomponents-parent-10.pom
org.apache.httpcomponents:httpcomponents-parent:11	Apache License, Version 2.0	https://www.apache.org/licenses/LICENSE-2.0.txt	org.apache:apache:21	a901f87b115c55070c7ee43efff63e20e7b02d30af2443ae292bf1f4e532d3aa	httpcomponents-parent-11.pom
org.apache.httpcomponents:httpcore:4.4.16	Apache License, Version 2.0	http://www.apache.org/licenses/LICENSE-2.0.txt	org.apache.httpcomponents:httpcomponents-core:4.4.16	3cbad849b35dacfe6cec31adada2c623c026c3261141b0d26eec7e399c6cd7fa	httpcore-4.4.16.jar | httpcore-4.4.16.pom
org.apache.httpcomponents:httpmime:4.5.6	Apache License, Version 2.0	http://www.apache.org/licenses/LICENSE-2.0.txt	org.apache.httpcomponents:httpcomponents-client:4.5.6	dfbfd6ffe2a784ca9817c46365aa7f8a578320b805bde39d6f55a0b09d8aa8ca	httpmime-4.5.6.jar | httpmime-4.5.6.pom
org.bitbucket.b_c:jose4j:0.9.5	The Apache Software License, Version 2.0	http://www.apache.org/licenses/LICENSE-2.0.txt	org.bitbucket.b_c:jose4j:0.9.5	bad024180a1b469cbd94e5f2db12841bcac5443d9545607f673cfde677c1d872	jose4j-0.9.5.jar | jose4j-0.9.5.pom
org.bouncycastle:bcpkix-jdk18on:1.79	Bouncy Castle Licence	https://www.bouncycastle.org/licence.html	org.bouncycastle:bcpkix-jdk18on:1.79	35e49f4134de2ac326c3a50a25762cbb4db56f3802fa3f730cc85b653ad0987b	bcpkix-jdk18on-1.79.jar | bcpkix-jdk18on-1.79.pom
org.bouncycastle:bcprov-jdk18on:1.79	Bouncy Castle Licence	https://www.bouncycastle.org/licence.html	org.bouncycastle:bcprov-jdk18on:1.79	d8f1a06b149d746e9d98de54e2f7aa9b2eb613fb35ca67d8ae396ceaac661ee4	bcprov-jdk18on-1.79.jar | bcprov-jdk18on-1.79.pom
org.bouncycastle:bcutil-jdk18on:1.79	Bouncy Castle Licence	https://www.bouncycastle.org/licence.html	org.bouncycastle:bcutil-jdk18on:1.79	e24c1fb4cf1605405a6988e9e4d6e4b2e1f4393fc73a89a9452ae625ee311d02	bcutil-jdk18on-1.79.jar | bcutil-jdk18on-1.79.pom
org.checkerframework:checker-qual:2.5.8	The MIT License	http://opensource.org/licenses/MIT	org.checkerframework:checker-qual:2.5.8	33ac6a0f1341ae96647c7d4465f4aa3d24fe97d2697bcee2ceae6fc8b5ef2c3c	checker-qual-2.5.8.pom
org.checkerframework:checker-qual:3.33.0	The MIT License	http://opensource.org/licenses/MIT	org.checkerframework:checker-qual:3.33.0	f55a922027a78fdd8b3ea15a0d8bfe3fec6a5ceac30c86aa8afa4a5b9b0df603	checker-qual-3.33.0.jar | checker-qual-3.33.0.module
org.checkerframework:checker-qual:3.42.0	The MIT License	http://opensource.org/licenses/MIT	org.checkerframework:checker-qual:3.42.0	bf5fcaab272f54cbcf1bbe77c3bd963c821c9abad2058708bf0bed3c875494ca	checker-qual-3.42.0.jar | checker-qual-3.42.0.module
org.checkerframework:checker-qual:3.43.0	The MIT License	http://opensource.org/licenses/MIT	org.checkerframework:checker-qual:3.43.0	9313bf53b3efd8aaca266eea8b96e307976b65c0b16510cc6f02319fbaebed43	checker-qual-3.43.0.jar | checker-qual-3.43.0.module
org.codehaus.groovy:groovy:3.0.22	The Apache Software License, Version 2.0	http://www.apache.org/licenses/LICENSE-2.0.txt	org.codehaus.groovy:groovy:3.0.22	51b731e5cff121efd6d320f4a801cd616869c5bed4e9c0e353b29060b1d2355f	groovy-3.0.22.jar | groovy-3.0.22.pom
org.codehaus.mojo:animal-sniffer-annotations:1.23	MIT license	https://spdx.org/licenses/MIT.txt	org.codehaus.mojo:animal-sniffer-parent:1.23	5610db06b733641acbc7a0c48a80c40069db627bad043f8c7c8d7afb4f6a3d27	animal-sniffer-annotations-1.23.jar | animal-sniffer-annotations-1.23.pom
org.codehaus.mojo:animal-sniffer-annotations:1.24	MIT license	https://spdx.org/licenses/MIT.txt	org.codehaus.mojo:animal-sniffer-parent:1.24	88484f60a6ad4238a97febacf2b333e9e08c178b8f180a05a3edbff4a38a836e	animal-sniffer-annotations-1.24.jar | animal-sniffer-annotations-1.24.pom
org.codehaus.mojo:animal-sniffer-parent:1.23	MIT license	https://spdx.org/licenses/MIT.txt	org.codehaus.mojo:animal-sniffer-parent:1.23	6b7f054ab86a87f8e2599f35808b0989922e86b6cab13988021cd12640a4b404	animal-sniffer-parent-1.23.pom
org.codehaus.mojo:animal-sniffer-parent:1.24	MIT license	https://spdx.org/licenses/MIT.txt	org.codehaus.mojo:animal-sniffer-parent:1.24	49ddab43c8361dc2ef0c1ff87cb590fa7231702ab9f62e26d512dc18a1f1cd04	animal-sniffer-parent-1.24.pom
org.codehaus.mojo:mojo-parent:74	The Apache Software License, Version 2.0	https://www.apache.org/licenses/LICENSE-2.0.txt	org.codehaus.mojo:mojo-parent:74	1472325a16f0b1bdabed21fa4839372964944610294ce2681b2059edc654f2b3	mojo-parent-74.pom
org.codehaus.mojo:mojo-parent:84	The Apache Software License, Version 2.0	https://www.apache.org/licenses/LICENSE-2.0.txt	org.codehaus.mojo:mojo-parent:84	2fe510618b2f60fcd5f2fb82bc4b2c2c344048d74f30be719fcb86829ee8ac30	mojo-parent-84.pom
org.eclipse.ee4j:project:1.0.2	Eclipse Public License v. 2.0 | GNU General Public License, version 2 with the GNU Classpath Exception	https://www.eclipse.org/org/documents/epl-2.0/EPL-2.0.txt | https://www.gnu.org/software/classpath/license.html	org.eclipse.ee4j:project:1.0.2	7495a07a797e88e43c3bc1a87421bd8b1fc55e32291fa18e4e32d8031ddc873f	project-1.0.2.pom
org.eclipse.ee4j:project:1.0.5	Eclipse Public License v. 2.0 | GNU General Public License, version 2 with the GNU Classpath Exception	https://www.eclipse.org/org/documents/epl-2.0/EPL-2.0.txt | https://www.gnu.org/software/classpath/license.html	org.eclipse.ee4j:project:1.0.5	916b4794d8d8220a59a3fdf6a64dbe794aeb23395e888b81ae36a9b5a2c591a6	project-1.0.5.pom
org.eclipse.ee4j:project:1.0.6	Eclipse Public License v. 2.0 | GNU General Public License, version 2 with the GNU Classpath Exception	https://www.eclipse.org/org/documents/epl-2.0/EPL-2.0.txt | https://www.gnu.org/software/classpath/license.html	org.eclipse.ee4j:project:1.0.6	4e7d8329d8da7dcf30779d824241be145f27108932f5a5a24eb907677bc8d72d	project-1.0.6.pom
org.glassfish.jaxb:jaxb-bom:2.3.2	Eclipse Public License v. 2.0 | GNU General Public License, version 2 with the GNU Classpath Exception	https://www.eclipse.org/org/documents/epl-2.0/EPL-2.0.txt | https://www.gnu.org/software/classpath/license.html	org.eclipse.ee4j:project:1.0.5	a1018bb54678ed9f5acb2f7a4084e385ff510201f4e9dbf5f75dc6a675f66be7	jaxb-bom-2.3.2.pom
org.glassfish.jaxb:jaxb-runtime:2.3.2	Eclipse Distribution License - v 1.0	http://www.eclipse.org/org/documents/edl-v10.php	com.sun.xml.bind.mvn:jaxb-parent:2.3.2	9448a5ad7fa68a6083dfbe4f42c8c83e082b9202a105401fc68e944c26548b34	jaxb-runtime-2.3.2.jar | jaxb-runtime-2.3.2.pom
org.glassfish.jaxb:txw2:2.3.2	Eclipse Distribution License - v 1.0	http://www.eclipse.org/org/documents/edl-v10.php	com.sun.xml.bind.mvn:jaxb-parent:2.3.2	a79dd002fb038183ff286a2635be2e68c103b87e0e64717d8d44bfd017fd33ea	txw2-2.3.2.jar | txw2-2.3.2.pom
org.hamcrest:hamcrest-core:1.3	New BSD License	http://www.opensource.org/licenses/bsd-license.php	org.hamcrest:hamcrest-parent:1.3	fde386a7905173a1b103de6ab820727584b50d0e32282e2797787c20a64ffa93	hamcrest-core-1.3.jar | hamcrest-core-1.3.pom
org.hamcrest:hamcrest-integration:1.3	New BSD License	http://www.opensource.org/licenses/bsd-license.php	org.hamcrest:hamcrest-parent:1.3	42f0be9bf98c12dacdcb99dd141d83d4dc5bb7c37a6f26684cd3ff2287667fba	hamcrest-integration-1.3.jar | hamcrest-integration-1.3.pom
org.hamcrest:hamcrest-library:1.3	New BSD License	http://www.opensource.org/licenses/bsd-license.php	org.hamcrest:hamcrest-parent:1.3	1ceb4bfb0f098ae29b935044b2363e11323313fe3ed2055df8b79737d5056277	hamcrest-library-1.3.jar | hamcrest-library-1.3.pom
org.hamcrest:hamcrest-parent:1.3	New BSD License	http://www.opensource.org/licenses/bsd-license.php	org.hamcrest:hamcrest-parent:1.3	6d535f94efb663bdb682c9f27a50335394688009642ba7a9677504bc1be4129b	hamcrest-parent-1.3.pom
org.jacoco:org.jacoco.agent:0.8.14	EPL-2.0	https://www.eclipse.org/legal/epl-2.0/	org.jacoco:org.jacoco.build:0.8.14	943e77ed5ccb99aeeb3fe5643fea5a636f6f828e3958f8605f426ddc9afab8c9	org.jacoco.agent-0.8.14.jar | org.jacoco.agent-0.8.14.pom
org.jacoco:org.jacoco.ant:0.8.14	EPL-2.0	https://www.eclipse.org/legal/epl-2.0/	org.jacoco:org.jacoco.build:0.8.14	2fc8e4b542163feef345eb59e898bcebdee16f65df40303032d92062427b15a5	org.jacoco.ant-0.8.14.jar | org.jacoco.ant-0.8.14.pom
org.jacoco:org.jacoco.build:0.8.14	EPL-2.0	https://www.eclipse.org/legal/epl-2.0/	org.jacoco:org.jacoco.build:0.8.14	87d059b35849df97779148fd7e52f63f1fcd03a4e7e64c2a61a6c9cce61a8de7	org.jacoco.build-0.8.14.pom
org.jacoco:org.jacoco.core:0.8.14	EPL-2.0	https://www.eclipse.org/legal/epl-2.0/	org.jacoco:org.jacoco.build:0.8.14	7b75bae2c1779af544369833afe1d68f5a3955e91d166cb19dff886534b1ad6c	org.jacoco.core-0.8.14.jar | org.jacoco.core-0.8.14.pom
org.jacoco:org.jacoco.report:0.8.14	EPL-2.0	https://www.eclipse.org/legal/epl-2.0/	org.jacoco:org.jacoco.build:0.8.14	e2ebf2c580f86afa7f75f43a28109dd894c42463928bc9911777e35275108e58	org.jacoco.report-0.8.14.jar | org.jacoco.report-0.8.14.pom
org.jdom:jdom2:2.0.6	Similar to Apache License but with the acknowledgment clause removed	https://raw.github.com/hunterhacker/jdom/master/LICENSE.txt	org.jdom:jdom2:2.0.6	47b23a79fe336b741b82434c6e049d68165256e405e75c10921fd72fa8a65d8d	jdom2-2.0.6.jar | jdom2-2.0.6.pom
org.jetbrains:annotations:13.0	The Apache Software License, Version 2.0	http://www.apache.org/licenses/LICENSE-2.0.txt	org.jetbrains:annotations:13.0	965aeb2bedff369819bdde1bf7a0b3b89b8247dd69c88b86375d76163bb8c397	annotations-13.0.jar | annotations-13.0.pom
org.jetbrains:annotations:23.0.0	The Apache Software License, Version 2.0	https://www.apache.org/licenses/LICENSE-2.0.txt	org.jetbrains:annotations:23.0.0	c9490f655132328df2cfbcfdf743f53fc3916d6c1d10437175a6ca6e3a67771c	annotations-23.0.0.jar | annotations-23.0.0.pom
org.jetbrains.kotlin:abi-tools:2.3.21	Apache-2.0	http://www.apache.org/licenses/LICENSE-2.0.txt	org.jetbrains.kotlin:abi-tools:2.3.21	e2c00f01274b6f4645a728a4c6e4a90a7c9d46394096a30326f7c31af09567b3	abi-tools-2.3.21.jar | abi-tools-2.3.21.pom
org.jetbrains.kotlin:abi-tools-api:2.3.21	Apache-2.0	http://www.apache.org/licenses/LICENSE-2.0.txt	org.jetbrains.kotlin:abi-tools-api:2.3.21	7395788baca82921694d2661f4bea6737d9e78545b3b56aba624100e0505d8c2	abi-tools-api-2.3.21.jar | abi-tools-api-2.3.21.pom
org.jetbrains.kotlin:compose-compiler-gradle-plugin:2.3.21	Apache-2.0	http://www.apache.org/licenses/LICENSE-2.0.txt	org.jetbrains.kotlin:compose-compiler-gradle-plugin:2.3.21	c927d7c4470d22bc585374c6056c7dcea5b386507dc4540c1c988b9fb259976c	compose-compiler-gradle-plugin-2.3.21-gradle813.jar | compose-compiler-gradle-plugin-2.3.21.module
org.jetbrains.kotlin:compose-group-mapping:2.3.21	Apache-2.0	http://www.apache.org/licenses/LICENSE-2.0.txt	org.jetbrains.kotlin:compose-group-mapping:2.3.21	1e7d2113e5c35937e148f1419a86ec22c22bd139c428a6f6d2d3b6ab93859112	compose-group-mapping-2.3.21.jar | compose-group-mapping-2.3.21.pom
org.jetbrains.kotlin:fus-statistics-gradle-plugin:2.3.21	Apache-2.0	http://www.apache.org/licenses/LICENSE-2.0.txt	org.jetbrains.kotlin:fus-statistics-gradle-plugin:2.3.21	058dcdd23680142c676a5ecbcc20c548f9ae0b20f00fcf9419b9cb00371173ba	fus-statistics-gradle-plugin-2.3.21-gradle813.jar | fus-statistics-gradle-plugin-2.3.21.module
org.jetbrains.kotlin:kotlin-bom:1.8.0	The Apache Software License, Version 2.0	http://www.apache.org/licenses/LICENSE-2.0.txt	org.jetbrains.kotlin:kotlin-bom:1.8.0	681f9878548c0a149c678092fd8b1f4cc7c5c41ba1b24397101c1073a6c76dda	kotlin-bom-1.8.0.pom
org.jetbrains.kotlin:kotlin-build-statistics:2.3.21	Apache-2.0	http://www.apache.org/licenses/LICENSE-2.0.txt	org.jetbrains.kotlin:kotlin-build-statistics:2.3.21	76337de7640775dbbb6c08662bebe107551e0bb52cda71b5c5893c315bb3a55a	kotlin-build-statistics-2.3.21.jar | kotlin-build-statistics-2.3.21.pom
org.jetbrains.kotlin:kotlin-build-tools-api:2.3.21	Apache-2.0	http://www.apache.org/licenses/LICENSE-2.0.txt	org.jetbrains.kotlin:kotlin-build-tools-api:2.3.21	71f8a5ff3e40e719104f5330e283320e19d858834ef92d12bfa0d066dbc371d7	kotlin-build-tools-api-2.3.21.jar | kotlin-build-tools-api-2.3.21.pom
org.jetbrains.kotlin:kotlin-build-tools-compat:2.3.21	Apache-2.0	http://www.apache.org/licenses/LICENSE-2.0.txt	org.jetbrains.kotlin:kotlin-build-tools-compat:2.3.21	800df065082ddcd8495d0bcd4fa105d2e5d80c9d7ceb851a47c0a244510479ab	kotlin-build-tools-compat-2.3.21.jar | kotlin-build-tools-compat-2.3.21.pom
org.jetbrains.kotlin:kotlin-build-tools-cri-impl:2.3.21	Apache-2.0	http://www.apache.org/licenses/LICENSE-2.0.txt	org.jetbrains.kotlin:kotlin-build-tools-cri-impl:2.3.21	67553bcb21e9c1167700ec3277ac7fab972e6b2b368f95bf6d467e0464dbda33	kotlin-build-tools-cri-impl-2.3.21.jar | kotlin-build-tools-cri-impl-2.3.21.pom
org.jetbrains.kotlin:kotlin-build-tools-impl:2.3.21	Apache-2.0	http://www.apache.org/licenses/LICENSE-2.0.txt	org.jetbrains.kotlin:kotlin-build-tools-impl:2.3.21	d05f6323c17f961868956831f9d5afad311035b18c3f543ffd2f3c846693d952	kotlin-build-tools-impl-2.3.21.jar | kotlin-build-tools-impl-2.3.21.pom
org.jetbrains.kotlin:kotlin-compiler-embeddable:2.3.21	Apache-2.0	http://www.apache.org/licenses/LICENSE-2.0.txt	org.jetbrains.kotlin:kotlin-compiler-embeddable:2.3.21	9523c8feadcb17f42d04ffa97fe2a9c08e5db18f090f6db903dca5c36c7ae5c4	kotlin-compiler-embeddable-2.3.21.jar | kotlin-compiler-embeddable-2.3.21.pom
org.jetbrains.kotlin:kotlin-compiler-runner:2.3.21	Apache-2.0	http://www.apache.org/licenses/LICENSE-2.0.txt	org.jetbrains.kotlin:kotlin-compiler-runner:2.3.21	1fa5485ee9cccc8e93399534b1c52a075fcd463d69a229c9caa601cc091dc288	kotlin-compiler-runner-2.3.21.jar | kotlin-compiler-runner-2.3.21.pom
org.jetbrains.kotlin:kotlin-compose-compiler-plugin-embeddable:2.3.21	Apache-2.0	http://www.apache.org/licenses/LICENSE-2.0.txt	org.jetbrains.kotlin:kotlin-compose-compiler-plugin-embeddable:2.3.21	fdcd3a42361f9e9a303e7cd09857e5c149f9a1586ccdbe6a63a01bbf3479b0da	kotlin-compose-compiler-plugin-embeddable-2.3.21.jar | kotlin-compose-compiler-plugin-embeddable-2.3.21.pom
org.jetbrains.kotlin:kotlin-daemon-client:2.3.21	Apache-2.0	http://www.apache.org/licenses/LICENSE-2.0.txt	org.jetbrains.kotlin:kotlin-daemon-client:2.3.21	d70aa131e10d9c40d44ffb3d88c85cac54a64a30542179f847f803ec71ae1bad	kotlin-daemon-client-2.3.21.jar | kotlin-daemon-client-2.3.21.pom
org.jetbrains.kotlin:kotlin-daemon-embeddable:2.3.21	Apache-2.0	http://www.apache.org/licenses/LICENSE-2.0.txt	org.jetbrains.kotlin:kotlin-daemon-embeddable:2.3.21	f5c57776c5ec3504a416364164600b0cbe85ebea8f16ebef607eadaf0fd6bf43	kotlin-daemon-embeddable-2.3.21.jar | kotlin-daemon-embeddable-2.3.21.pom
org.jetbrains.kotlin:kotlin-gradle-plugin:2.3.21	Apache-2.0	http://www.apache.org/licenses/LICENSE-2.0.txt	org.jetbrains.kotlin:kotlin-gradle-plugin:2.3.21	6a6e2fe71c9832d0f66be768e20228ce02525149ea92f2742b66125e397a58c9	kotlin-gradle-plugin-2.3.21-gradle813.jar | kotlin-gradle-plugin-2.3.21.module
org.jetbrains.kotlin:kotlin-gradle-plugin-annotations:2.3.21	Apache-2.0	http://www.apache.org/licenses/LICENSE-2.0.txt	org.jetbrains.kotlin:kotlin-gradle-plugin-annotations:2.3.21	0a6e00b610572df19eeb4860b23ce1c943897d286a7def4b3e0de7aa08be280c	kotlin-gradle-plugin-annotations-2.3.21.jar | kotlin-gradle-plugin-annotations-2.3.21.pom
org.jetbrains.kotlin:kotlin-gradle-plugin-api:2.3.21	Apache-2.0	http://www.apache.org/licenses/LICENSE-2.0.txt	org.jetbrains.kotlin:kotlin-gradle-plugin-api:2.3.21	53c65b6fb2b81df3bbd76c1694aff721251131a45b58f10924ba4b6c1ae25437	kotlin-gradle-plugin-api-2.3.21-gradle813.jar | kotlin-gradle-plugin-api-2.3.21.module
org.jetbrains.kotlin:kotlin-gradle-plugin-idea:2.3.21	Apache-2.0	http://www.apache.org/licenses/LICENSE-2.0.txt	org.jetbrains.kotlin:kotlin-gradle-plugin-idea:2.3.21	49ea4b7757e893762e75c2978fbdc0f24ba3521a94ee7113738f62854a030b91	kotlin-gradle-plugin-idea-2.3.21.jar | kotlin-gradle-plugin-idea-2.3.21.module
org.jetbrains.kotlin:kotlin-gradle-plugin-idea-proto:2.3.21	Apache-2.0	http://www.apache.org/licenses/LICENSE-2.0.txt	org.jetbrains.kotlin:kotlin-gradle-plugin-idea-proto:2.3.21	74c9611702df8cb3a0a511817c1590feee73d2d2084131ee78b62084b4d88291	kotlin-gradle-plugin-idea-proto-2.3.21.jar | kotlin-gradle-plugin-idea-proto-2.3.21.pom
org.jetbrains.kotlin:kotlin-gradle-plugins-bom:2.3.21	Apache-2.0	http://www.apache.org/licenses/LICENSE-2.0.txt	org.jetbrains.kotlin:kotlin-gradle-plugins-bom:2.3.21	7adf21d36e9376ad445089e191a7715c9ab1f9503a23124094641d84ee5fcb7d	kotlin-gradle-plugins-bom-2.3.21.module | kotlin-gradle-plugins-bom-2.3.21.pom
org.jetbrains.kotlin:kotlin-klib-abi-reader:2.3.21	Apache-2.0	http://www.apache.org/licenses/LICENSE-2.0.txt	org.jetbrains.kotlin:kotlin-klib-abi-reader:2.3.21	6c34f3a5bc36f3fd99206d2ae1abb734fe2254881aeacf291541e6abca8894b7	kotlin-klib-abi-reader-2.3.21.jar | kotlin-klib-abi-reader-2.3.21.pom
org.jetbrains.kotlin:kotlin-klib-commonizer-api:2.3.21	Apache-2.0	http://www.apache.org/licenses/LICENSE-2.0.txt	org.jetbrains.kotlin:kotlin-klib-commonizer-api:2.3.21	74d0b9ba2bb0b42a4c8d64c6a2a2730511ec62eb69036ae4ab19d7dab54b0baf	kotlin-klib-commonizer-api-2.3.21.jar | kotlin-klib-commonizer-api-2.3.21.pom
org.jetbrains.kotlin:kotlin-klib-commonizer-embeddable:2.3.21	Apache-2.0	http://www.apache.org/licenses/LICENSE-2.0.txt	org.jetbrains.kotlin:kotlin-klib-commonizer-embeddable:2.3.21	ef906c5f8a8f95007caa1510a46043424cc73ab7f5f82243c2ef85b6e88ddf30	kotlin-klib-commonizer-embeddable-2.3.21.jar | kotlin-klib-commonizer-embeddable-2.3.21.pom
org.jetbrains.kotlin:kotlin-metadata-jvm:2.2.0	The Apache License, Version 2.0	http://www.apache.org/licenses/LICENSE-2.0.txt	org.jetbrains.kotlin:kotlin-metadata-jvm:2.2.0	55abfa46dacefa103160cc04e0c51e560aba0ca232003fdbcfb4ed8cdd399b45	kotlin-metadata-jvm-2.2.0.jar | kotlin-metadata-jvm-2.2.0.pom
org.jetbrains.kotlin:kotlin-metadata-jvm:2.3.21	Apache-2.0	http://www.apache.org/licenses/LICENSE-2.0.txt	org.jetbrains.kotlin:kotlin-metadata-jvm:2.3.21	83b7ab0b0123e7b1428a3d5f74dc151e904a10c8cd32063991a606508bc21e80	kotlin-metadata-jvm-2.3.21.jar | kotlin-metadata-jvm-2.3.21.pom
org.jetbrains.kotlin:kotlin-native-utils:2.3.21	Apache-2.0	http://www.apache.org/licenses/LICENSE-2.0.txt	org.jetbrains.kotlin:kotlin-native-utils:2.3.21	b9125d725ef4fd78fc2f4a4b7351bf6a94bc1bb39e653f69faee28d85807f27d	kotlin-native-utils-2.3.21.jar | kotlin-native-utils-2.3.21.pom
org.jetbrains.kotlin:kotlin-reflect:1.6.10	The Apache License, Version 2.0	http://www.apache.org/licenses/LICENSE-2.0.txt	org.jetbrains.kotlin:kotlin-reflect:1.6.10	57905524274a00ae028aaccc27283f6bc5925a934a046c1cc5d06c8ee4d6d5a9	kotlin-reflect-1.6.10.jar | kotlin-reflect-1.6.10.pom
org.jetbrains.kotlin:kotlin-reflect:1.8.21	The Apache License, Version 2.0	http://www.apache.org/licenses/LICENSE-2.0.txt	org.jetbrains.kotlin:kotlin-reflect:1.8.21	39d78db33222cdbb32b618c7c5223d4457cc19742856d116a85090e4a96f623a	kotlin-reflect-1.8.21.jar | kotlin-reflect-1.8.21.pom
org.jetbrains.kotlin:kotlin-reflect:2.0.10	The Apache License, Version 2.0	http://www.apache.org/licenses/LICENSE-2.0.txt	org.jetbrains.kotlin:kotlin-reflect:2.0.10	3666cd411f81ef8e2764bd971e1cf1e5b7622a60c8353013bb54c9759255f75d	kotlin-reflect-2.0.10.jar | kotlin-reflect-2.0.10.pom
org.jetbrains.kotlin:kotlin-reflect:2.2.10	The Apache License, Version 2.0	http://www.apache.org/licenses/LICENSE-2.0.txt	org.jetbrains.kotlin:kotlin-reflect:2.2.10	ae46614906414404cefc41a467435205d6dee67a2390598328a639ad2bacbd11	kotlin-reflect-2.2.10.jar | kotlin-reflect-2.2.10.pom
org.jetbrains.kotlin:kotlin-reflect:2.2.21	Apache-2.0	http://www.apache.org/licenses/LICENSE-2.0.txt	org.jetbrains.kotlin:kotlin-reflect:2.2.21	e5ab6b10560a5a52562c35cdbe71ddbe427d51eb5bfc701dcd4f6b949bd9e03f	kotlin-reflect-2.2.21.jar | kotlin-reflect-2.2.21.pom
org.jetbrains.kotlin:kotlin-script-runtime:2.3.21	Apache-2.0	http://www.apache.org/licenses/LICENSE-2.0.txt	org.jetbrains.kotlin:kotlin-script-runtime:2.3.21	2cf5d1123d8a628bcc5ee74f5b07b08c55a87ad4e9c91e13db83bb5a2ff6aa2d	kotlin-script-runtime-2.3.21.jar | kotlin-script-runtime-2.3.21.pom
org.jetbrains.kotlin:kotlin-scripting-common:2.3.21	Apache-2.0	http://www.apache.org/licenses/LICENSE-2.0.txt	org.jetbrains.kotlin:kotlin-scripting-common:2.3.21	becd6a484160fe137f06d76d35f95b6776fa09ae6f751e5394e69359aee2f5f6	kotlin-scripting-common-2.3.21.jar | kotlin-scripting-common-2.3.21.pom
org.jetbrains.kotlin:kotlin-scripting-compiler-embeddable:2.3.21	Apache-2.0	http://www.apache.org/licenses/LICENSE-2.0.txt	org.jetbrains.kotlin:kotlin-scripting-compiler-embeddable:2.3.21	f1a4f2161d9f3d42c9ac4ecb9b9cee2a199036813509d5b5a4ff39a11cbb9fe3	kotlin-scripting-compiler-embeddable-2.3.21.jar | kotlin-scripting-compiler-embeddable-2.3.21.pom
org.jetbrains.kotlin:kotlin-scripting-compiler-impl-embeddable:2.3.21	Apache-2.0	http://www.apache.org/licenses/LICENSE-2.0.txt	org.jetbrains.kotlin:kotlin-scripting-compiler-impl-embeddable:2.3.21	2f7c24ad5e82e2db5db5da8dc070ee6fc0f56c20e990639a54ca69076bce3e6d	kotlin-scripting-compiler-impl-embeddable-2.3.21.jar | kotlin-scripting-compiler-impl-embeddable-2.3.21.pom
org.jetbrains.kotlin:kotlin-scripting-jvm:2.3.21	Apache-2.0	http://www.apache.org/licenses/LICENSE-2.0.txt	org.jetbrains.kotlin:kotlin-scripting-jvm:2.3.21	580b2c9857f3a662c53a3deb4851d7a1afa3bd5f4abbe9905f5b55fb5221f816	kotlin-scripting-jvm-2.3.21.jar | kotlin-scripting-jvm-2.3.21.pom
org.jetbrains.kotlin:kotlin-stdlib:1.8.21	The Apache License, Version 2.0	http://www.apache.org/licenses/LICENSE-2.0.txt	org.jetbrains.kotlin:kotlin-stdlib:1.8.21	fe0cd9e32193e453333fd2b1f577e662fb5abc6907102bb967817bc131280fd7	kotlin-stdlib-1.8.21.jar | kotlin-stdlib-1.8.21.pom
org.jetbrains.kotlin:kotlin-stdlib:1.9.0	The Apache License, Version 2.0	http://www.apache.org/licenses/LICENSE-2.0.txt	org.jetbrains.kotlin:kotlin-stdlib:1.9.0	37752263f62cc3e3250856e288ee4a73d4102d726a77627034f94806c8c10aca	kotlin-stdlib-1.9.0.jar | kotlin-stdlib-1.9.0.pom
org.jetbrains.kotlin:kotlin-stdlib:1.9.21	The Apache License, Version 2.0	http://www.apache.org/licenses/LICENSE-2.0.txt	org.jetbrains.kotlin:kotlin-stdlib:1.9.21	c807d92f7c6aa1b65c06cf87232363504e690fca3f3c1e27206630a1322fd7e0	kotlin-stdlib-1.9.21.module
org.jetbrains.kotlin:kotlin-stdlib:2.1.21	The Apache License, Version 2.0	http://www.apache.org/licenses/LICENSE-2.0.txt	org.jetbrains.kotlin:kotlin-stdlib:2.1.21	c5524086ca3e49a67986df8fdccd66037baf5f3c5a358b76f9dd609bee7bb638	kotlin-stdlib-2.1.21.jar | kotlin-stdlib-2.1.21.module
org.jetbrains.kotlin:kotlin-stdlib:2.2.0	The Apache License, Version 2.0	http://www.apache.org/licenses/LICENSE-2.0.txt	org.jetbrains.kotlin:kotlin-stdlib:2.2.0	8c3c821007c13411558739b9f3d5382eb81551db3895cffb89561e56c0f4dc16	kotlin-stdlib-2.2.0.jar | kotlin-stdlib-2.2.0.module
org.jetbrains.kotlin:kotlin-stdlib:2.2.10	The Apache License, Version 2.0	http://www.apache.org/licenses/LICENSE-2.0.txt	org.jetbrains.kotlin:kotlin-stdlib:2.2.10	454ba507a3d36b4ac253df6df96f8739bd26ea19df3f332b10b13f2c5715f787	kotlin-stdlib-2.2.10.jar | kotlin-stdlib-2.2.10.module
org.jetbrains.kotlin:kotlin-stdlib:2.2.21	Apache-2.0	http://www.apache.org/licenses/LICENSE-2.0.txt	org.jetbrains.kotlin:kotlin-stdlib:2.2.21	cf31f923196c63aedecd0a57c24269bd3702a4e47c0bf0bd64b5ada5de522272	kotlin-stdlib-2.2.21.jar | kotlin-stdlib-2.2.21.module
org.jetbrains.kotlin:kotlin-stdlib:2.3.20	Apache-2.0	http://www.apache.org/licenses/LICENSE-2.0.txt	org.jetbrains.kotlin:kotlin-stdlib:2.3.20	c83c02d9a7e2e954730491c33c2f1dc03c27662e27b566ec2b44d2d018639b98	kotlin-stdlib-2.3.20.jar | kotlin-stdlib-2.3.20.module
org.jetbrains.kotlin:kotlin-stdlib:2.3.21	Apache-2.0	http://www.apache.org/licenses/LICENSE-2.0.txt	org.jetbrains.kotlin:kotlin-stdlib:2.3.21	3e0b48daa14dc73f8029d8d9e15ed32940377caf7b915510f88d33219b350186	kotlin-stdlib-2.3.21.jar | kotlin-stdlib-2.3.21.module
org.jetbrains.kotlin:kotlin-stdlib-common:1.8.21	The Apache License, Version 2.0	http://www.apache.org/licenses/LICENSE-2.0.txt	org.jetbrains.kotlin:kotlin-stdlib-common:1.8.21	e19a5577cbcea89728970db5333c8264c8c69ae722eeb79cbf41d5f0b0c9ae65	kotlin-stdlib-common-1.8.21.jar | kotlin-stdlib-common-1.8.21.pom
org.jetbrains.kotlin:kotlin-stdlib-common:1.9.0	The Apache License, Version 2.0	http://www.apache.org/licenses/LICENSE-2.0.txt	org.jetbrains.kotlin:kotlin-stdlib-common:1.9.0	3660d36a70feb3abe49f11b90633e41d36273576f071b0e109da9b3a0df082a5	kotlin-stdlib-common-1.9.0.jar | kotlin-stdlib-common-1.9.0.pom
org.jetbrains.kotlin:kotlin-stdlib-common:2.2.10	The Apache License, Version 2.0	http://www.apache.org/licenses/LICENSE-2.0.txt	org.jetbrains.kotlin:kotlin-stdlib-common:2.2.10	e199b04f736f0c7334ed5deb737899233442b36238a59310790b216b6934c067	kotlin-stdlib-common-2.2.10.module
org.jetbrains.kotlin:kotlin-stdlib-jdk7:1.8.20	The Apache License, Version 2.0	http://www.apache.org/licenses/LICENSE-2.0.txt	org.jetbrains.kotlin:kotlin-stdlib-jdk7:1.8.20	3622d106578cddcc0a9ec20f8ce815f7f49ff542f640228d2141fcaf80616b06	kotlin-stdlib-jdk7-1.8.20.jar | kotlin-stdlib-jdk7-1.8.20.pom
org.jetbrains.kotlin:kotlin-stdlib-jdk7:2.2.10	The Apache License, Version 2.0	http://www.apache.org/licenses/LICENSE-2.0.txt	org.jetbrains.kotlin:kotlin-stdlib-jdk7:2.2.10	be494907e0e19c78bb821154afa1776d5ad7a058b4ab30090f74354b0e1338de	kotlin-stdlib-jdk7-2.2.10.jar | kotlin-stdlib-jdk7-2.2.10.pom
org.jetbrains.kotlin:kotlin-stdlib-jdk8:1.8.20	The Apache License, Version 2.0	http://www.apache.org/licenses/LICENSE-2.0.txt	org.jetbrains.kotlin:kotlin-stdlib-jdk8:1.8.20	3a462214a336e995687769531b1e37b0c81d8e10c9949cd5ea7ae1d7803a0232	kotlin-stdlib-jdk8-1.8.20.jar | kotlin-stdlib-jdk8-1.8.20.pom
org.jetbrains.kotlin:kotlin-stdlib-jdk8:2.2.10	The Apache License, Version 2.0	http://www.apache.org/licenses/LICENSE-2.0.txt	org.jetbrains.kotlin:kotlin-stdlib-jdk8:2.2.10	2569cf5a980724f140157501db36dffab919cd0d443d2e14b5a35a2f96f84fac	kotlin-stdlib-jdk8-2.2.10.jar | kotlin-stdlib-jdk8-2.2.10.pom
org.jetbrains.kotlin:kotlin-tooling-core:2.3.21	Apache-2.0	http://www.apache.org/licenses/LICENSE-2.0.txt	org.jetbrains.kotlin:kotlin-tooling-core:2.3.21	6d4986b03cec6815b7b132ecb76ad6c0b71ccda7904b3a114cf39700e9cac8e4	kotlin-tooling-core-2.3.21.jar | kotlin-tooling-core-2.3.21.pom
org.jetbrains.kotlin:kotlin-util-io:2.3.21	Apache-2.0	http://www.apache.org/licenses/LICENSE-2.0.txt	org.jetbrains.kotlin:kotlin-util-io:2.3.21	9f43f9d3b81eb7e24f87a1080e080bf91ec379d4a91251339bf419da855b07ca	kotlin-util-io-2.3.21.jar | kotlin-util-io-2.3.21.pom
org.jetbrains.kotlin:kotlin-util-klib:2.3.21	Apache-2.0	http://www.apache.org/licenses/LICENSE-2.0.txt	org.jetbrains.kotlin:kotlin-util-klib:2.3.21	062ef48f6b81309c38b2a04447bcac1773b2586e8d3d6befe908be97946da35d	kotlin-util-klib-2.3.21.jar | kotlin-util-klib-2.3.21.pom
org.jetbrains.kotlin:kotlin-util-klib-metadata:2.3.21	Apache-2.0	http://www.apache.org/licenses/LICENSE-2.0.txt	org.jetbrains.kotlin:kotlin-util-klib-metadata:2.3.21	75dfd566fd07a11171c4d89b1b67051475e96f052c2affcd814362a71f7bb451	kotlin-util-klib-metadata-2.3.21.jar | kotlin-util-klib-metadata-2.3.21.pom
org.jetbrains.kotlin.jvm:org.jetbrains.kotlin.jvm.gradle.plugin:2.3.21	Apache-2.0	http://www.apache.org/licenses/LICENSE-2.0.txt	org.jetbrains.kotlin.jvm:org.jetbrains.kotlin.jvm.gradle.plugin:2.3.21	2fd3266ee13e745e767a01305e4854127eb9e406c981202aafaa01ce09149d46	org.jetbrains.kotlin.jvm.gradle.plugin-2.3.21.pom
org.jetbrains.kotlin.plugin.compose:org.jetbrains.kotlin.plugin.compose.gradle.plugin:2.3.21	Apache-2.0	http://www.apache.org/licenses/LICENSE-2.0.txt	org.jetbrains.kotlin.plugin.compose:org.jetbrains.kotlin.plugin.compose.gradle.plugin:2.3.21	49e705db8a543e7e59c40cb1e11633d9bc37348bffe4f115f1979cdf889f9228	org.jetbrains.kotlin.plugin.compose.gradle.plugin-2.3.21.pom
org.jetbrains.kotlinx:atomicfu:0.22.0	The Apache Software License, Version 2.0	https://www.apache.org/licenses/LICENSE-2.0.txt	org.jetbrains.kotlinx:atomicfu:0.22.0	96c3f87d03628a83111c3df934e803d77e10d613420f7bc4d300598386c8ef37	atomicfu-0.22.0.module
org.jetbrains.kotlinx:atomicfu:0.28.0	Apache-2.0	https://www.apache.org/licenses/LICENSE-2.0.txt	org.jetbrains.kotlinx:atomicfu:0.28.0	c9ba01ef3e6899d42cf070d59ba39d572fc5863bf296c729a99722c0647df6ca	atomicfu-0.28.0.module
org.jetbrains.kotlinx:atomicfu-jvm:0.22.0	The Apache Software License, Version 2.0	https://www.apache.org/licenses/LICENSE-2.0.txt	org.jetbrains.kotlinx:atomicfu-jvm:0.22.0	09233d37935a296878fc7ebef761021264fae2805bf926420328b7cb90d67a56	atomicfu-jvm-0.22.0.jar | atomicfu-jvm-0.22.0.module
org.jetbrains.kotlinx:atomicfu-jvm:0.28.0	Apache-2.0	https://www.apache.org/licenses/LICENSE-2.0.txt	org.jetbrains.kotlinx:atomicfu-jvm:0.28.0	dd7fad5d5d4b21ca9db0788750b0997ba1db6882ded86e5212f5c83fc51facec	atomicfu-jvm-0.28.0.jar | atomicfu-jvm-0.28.0.module
org.jetbrains.kotlinx:kotlinx-coroutines-android:1.11.0	Apache-2.0	https://www.apache.org/licenses/LICENSE-2.0.txt	org.jetbrains.kotlinx:kotlinx-coroutines-android:1.11.0	224567420d3e0ed5fef40f789fded45dfd51b162319e28d77d3c9a8dec4821b8	kotlinx-coroutines-android-1.11.0.jar | kotlinx-coroutines-android-1.11.0.module
org.jetbrains.kotlinx:kotlinx-coroutines-android:1.8.1	The Apache Software License, Version 2.0	https://www.apache.org/licenses/LICENSE-2.0.txt	org.jetbrains.kotlinx:kotlinx-coroutines-android:1.8.1	88e8c7ede4d29b8027a2da6ea9e3ce550c556a4213633f8f6de28bb9fb201c90	kotlinx-coroutines-android-1.8.1.module
org.jetbrains.kotlinx:kotlinx-coroutines-android:1.9.0	The Apache Software License, Version 2.0	https://www.apache.org/licenses/LICENSE-2.0.txt	org.jetbrains.kotlinx:kotlinx-coroutines-android:1.9.0	be86020cd5b93b8a68ca43185a049b9b0baa345fd1be1fdaa014fdaef92d6e7c	kotlinx-coroutines-android-1.9.0.module
org.jetbrains.kotlinx:kotlinx-coroutines-bom:1.10.2	Apache-2.0	https://www.apache.org/licenses/LICENSE-2.0.txt	org.jetbrains.kotlinx:kotlinx-coroutines-bom:1.10.2	faf0c6538e53ddc0499a63664d8e763c216580b2e18e722ccbdf1b431a6afe26	kotlinx-coroutines-bom-1.10.2.pom
org.jetbrains.kotlinx:kotlinx-coroutines-bom:1.11.0	Apache-2.0	https://www.apache.org/licenses/LICENSE-2.0.txt	org.jetbrains.kotlinx:kotlinx-coroutines-bom:1.11.0	f65860bce58a2bfadf05fdc516d38333421f0e387fef87e24449c0394c80d254	kotlinx-coroutines-bom-1.11.0.pom
org.jetbrains.kotlinx:kotlinx-coroutines-bom:1.7.3	The Apache Software License, Version 2.0	https://www.apache.org/licenses/LICENSE-2.0.txt	org.jetbrains.kotlinx:kotlinx-coroutines-bom:1.7.3	4e5d1900e6379ef3f5970d04a8f30529adc82f859e8cc107c21ce8149ef666c4	kotlinx-coroutines-bom-1.7.3.pom
org.jetbrains.kotlinx:kotlinx-coroutines-bom:1.8.0	The Apache Software License, Version 2.0	https://www.apache.org/licenses/LICENSE-2.0.txt	org.jetbrains.kotlinx:kotlinx-coroutines-bom:1.8.0	1239e9dbe1397cd5971342956b2511bc3ace7b641842e4372a088dcfa8b9ad55	kotlinx-coroutines-bom-1.8.0.pom
org.jetbrains.kotlinx:kotlinx-coroutines-bom:1.8.1	The Apache Software License, Version 2.0	https://www.apache.org/licenses/LICENSE-2.0.txt	org.jetbrains.kotlinx:kotlinx-coroutines-bom:1.8.1	563e4aa29fa8fe09a6e1746d0a5b51308f7c7dedc468dc5a0ca810a485877030	kotlinx-coroutines-bom-1.8.1.pom
org.jetbrains.kotlinx:kotlinx-coroutines-bom:1.9.0	The Apache Software License, Version 2.0	https://www.apache.org/licenses/LICENSE-2.0.txt	org.jetbrains.kotlinx:kotlinx-coroutines-bom:1.9.0	bea5511e9001f2c593ab5080df131b219ab5e2085cc5979ce583eacd4946fd78	kotlinx-coroutines-bom-1.9.0.pom
org.jetbrains.kotlinx:kotlinx-coroutines-core:1.11.0	Apache-2.0	https://www.apache.org/licenses/LICENSE-2.0.txt	org.jetbrains.kotlinx:kotlinx-coroutines-core:1.11.0	41b6e78c1b0d11bc99de795390df9e4ece64dc113f482d6e308f1b7a421c1d30	kotlinx-coroutines-core-1.11.0.module
org.jetbrains.kotlinx:kotlinx-coroutines-core:1.6.4	The Apache Software License, Version 2.0	https://www.apache.org/licenses/LICENSE-2.0.txt	org.jetbrains.kotlinx:kotlinx-coroutines-core:1.6.4	136b4edb87a47e15251f0842f3189fa31979eb4ab51acfb4239b4bf8d16d4588	kotlinx-coroutines-core-1.6.4.module
org.jetbrains.kotlinx:kotlinx-coroutines-core:1.7.3	The Apache Software License, Version 2.0	https://www.apache.org/licenses/LICENSE-2.0.txt	org.jetbrains.kotlinx:kotlinx-coroutines-core:1.7.3	ed6eb0398717035e29f1c1d60a4e3ddbb89858f3db9e07b57ad759d374dae829	kotlinx-coroutines-core-1.7.3.module
org.jetbrains.kotlinx:kotlinx-coroutines-core:1.9.0	The Apache Software License, Version 2.0	https://www.apache.org/licenses/LICENSE-2.0.txt	org.jetbrains.kotlinx:kotlinx-coroutines-core:1.9.0	770f2793d05e2b027b9c799938ec1d2d4ef141ce5819c780c32c3995cadb0a47	kotlinx-coroutines-core-1.9.0.module
org.jetbrains.kotlinx:kotlinx-coroutines-core-jvm:1.10.2	Apache-2.0	https://www.apache.org/licenses/LICENSE-2.0.txt	org.jetbrains.kotlinx:kotlinx-coroutines-core-jvm:1.10.2	658f576b96c832e7382406adb197d64d8e2e97de10e96dfa3700decfa2a60def	kotlinx-coroutines-core-jvm-1.10.2.jar | kotlinx-coroutines-core-jvm-1.10.2.module
org.jetbrains.kotlinx:kotlinx-coroutines-core-jvm:1.11.0	Apache-2.0	https://www.apache.org/licenses/LICENSE-2.0.txt	org.jetbrains.kotlinx:kotlinx-coroutines-core-jvm:1.11.0	dd54b97aa3fab91fc24f5df2916c22be9429a339d2f45b7ff092332f6c19dc39	kotlinx-coroutines-core-jvm-1.11.0.jar | kotlinx-coroutines-core-jvm-1.11.0.module
org.jetbrains.kotlinx:kotlinx-coroutines-core-jvm:1.6.4	The Apache Software License, Version 2.0	https://www.apache.org/licenses/LICENSE-2.0.txt	org.jetbrains.kotlinx:kotlinx-coroutines-core-jvm:1.6.4	09d960f85922903c2e52e126b17e9fa5020b425c469ec61944b3c01835547224	kotlinx-coroutines-core-jvm-1.6.4.module
org.jetbrains.kotlinx:kotlinx-coroutines-core-jvm:1.7.3	The Apache Software License, Version 2.0	https://www.apache.org/licenses/LICENSE-2.0.txt	org.jetbrains.kotlinx:kotlinx-coroutines-core-jvm:1.7.3	753858753decbbb2397343e2b871f062f697812e9422e41c9ee46a66b93eee30	kotlinx-coroutines-core-jvm-1.7.3.jar | kotlinx-coroutines-core-jvm-1.7.3.module
org.jetbrains.kotlinx:kotlinx-coroutines-core-jvm:1.8.0	The Apache Software License, Version 2.0	https://www.apache.org/licenses/LICENSE-2.0.txt	org.jetbrains.kotlinx:kotlinx-coroutines-core-jvm:1.8.0	a5633abd53467ceb91622d81f2e982080877145e0b76e1b75788715434885d0b	kotlinx-coroutines-core-jvm-1.8.0.jar | kotlinx-coroutines-core-jvm-1.8.0.module
org.jetbrains.kotlinx:kotlinx-coroutines-core-jvm:1.8.1	The Apache Software License, Version 2.0	https://www.apache.org/licenses/LICENSE-2.0.txt	org.jetbrains.kotlinx:kotlinx-coroutines-core-jvm:1.8.1	47c6a50b14151e8faf7f350a95235c37d12abc38bfb055b668974293172daf2c	kotlinx-coroutines-core-jvm-1.8.1.module
org.jetbrains.kotlinx:kotlinx-coroutines-core-jvm:1.9.0	The Apache Software License, Version 2.0	https://www.apache.org/licenses/LICENSE-2.0.txt	org.jetbrains.kotlinx:kotlinx-coroutines-core-jvm:1.9.0	19c4889941b3aa098bd57cc64f02f9adacc654d571a12a956de4b5bb148c6499	kotlinx-coroutines-core-jvm-1.9.0.jar | kotlinx-coroutines-core-jvm-1.9.0.module
org.jetbrains.kotlinx:kotlinx-coroutines-test:1.11.0	Apache-2.0	https://www.apache.org/licenses/LICENSE-2.0.txt	org.jetbrains.kotlinx:kotlinx-coroutines-test:1.11.0	9fe5cd4c606c785cc14fc4692ed1ec6cb4053c1f5e67fa8b3fa3adf1c71af9aa	kotlinx-coroutines-test-1.11.0.module
org.jetbrains.kotlinx:kotlinx-coroutines-test:1.9.0	The Apache Software License, Version 2.0	https://www.apache.org/licenses/LICENSE-2.0.txt	org.jetbrains.kotlinx:kotlinx-coroutines-test:1.9.0	e6b4aae143750cb1b64e0397d4b96dc6135ba6ab2c337386df54df0d98cdf121	kotlinx-coroutines-test-1.9.0.module
org.jetbrains.kotlinx:kotlinx-coroutines-test-jvm:1.11.0	Apache-2.0	https://www.apache.org/licenses/LICENSE-2.0.txt	org.jetbrains.kotlinx:kotlinx-coroutines-test-jvm:1.11.0	84d119326de6496b8f20a985abe33d18e2d262b0cf2045305a91ebc57fb1f5b6	kotlinx-coroutines-test-jvm-1.11.0.jar | kotlinx-coroutines-test-jvm-1.11.0.module
org.jetbrains.kotlinx:kotlinx-coroutines-test-jvm:1.9.0	The Apache Software License, Version 2.0	https://www.apache.org/licenses/LICENSE-2.0.txt	org.jetbrains.kotlinx:kotlinx-coroutines-test-jvm:1.9.0	e808f2810b1d6b94de8e4dc9718df5bd33eebdada3fdbf2f7eecfafd56982bfd	kotlinx-coroutines-test-jvm-1.9.0.module
org.jetbrains.kotlinx:kotlinx-serialization-bom:1.10.0	Apache-2.0	https://www.apache.org/licenses/LICENSE-2.0.txt	org.jetbrains.kotlinx:kotlinx-serialization-bom:1.10.0	2e973e4dfc3bc638dd2e683da959dc2b97923297bf3b8f60c7ff00d61eac3b07	kotlinx-serialization-bom-1.10.0.pom
org.jetbrains.kotlinx:kotlinx-serialization-bom:1.7.3	The Apache Software License, Version 2.0	https://www.apache.org/licenses/LICENSE-2.0.txt	org.jetbrains.kotlinx:kotlinx-serialization-bom:1.7.3	4226a491c5b59ce909f73b65aa98944191c8dcac3825637c6be1069e6b589a46	kotlinx-serialization-bom-1.7.3.pom
org.jetbrains.kotlinx:kotlinx-serialization-bom:1.8.1	Apache-2.0	https://www.apache.org/licenses/LICENSE-2.0.txt	org.jetbrains.kotlinx:kotlinx-serialization-bom:1.8.1	00f3555ae7624851c67db12c308bc9ce26ae327cf0d724766a401e5ba00608c7	kotlinx-serialization-bom-1.8.1.pom
org.jetbrains.kotlinx:kotlinx-serialization-core:1.10.0	Apache-2.0	https://www.apache.org/licenses/LICENSE-2.0.txt	org.jetbrains.kotlinx:kotlinx-serialization-core:1.10.0	6428b9284325d336319921eb058ef515df01cd8e8ef6cdc1341ecfa8ef6b3574	kotlinx-serialization-core-1.10.0.module
org.jetbrains.kotlinx:kotlinx-serialization-core:1.7.3	The Apache Software License, Version 2.0	https://www.apache.org/licenses/LICENSE-2.0.txt	org.jetbrains.kotlinx:kotlinx-serialization-core:1.7.3	31d111776b9af777ca167103f2d61fbeeaa32dae6dd6635906b76d8278ba5730	kotlinx-serialization-core-1.7.3.module
org.jetbrains.kotlinx:kotlinx-serialization-core:1.8.1	Apache-2.0	https://www.apache.org/licenses/LICENSE-2.0.txt	org.jetbrains.kotlinx:kotlinx-serialization-core:1.8.1	473f0aa3e4a17aab7860dca490dc42eabb6124f1d2953e6a995a08717e50c714	kotlinx-serialization-core-1.8.1.module
org.jetbrains.kotlinx:kotlinx-serialization-core-jvm:1.10.0	Apache-2.0	https://www.apache.org/licenses/LICENSE-2.0.txt	org.jetbrains.kotlinx:kotlinx-serialization-core-jvm:1.10.0	5c4c0c8010042b7f542ab484dea8a3687b96c20944e72c063eac16a2739ad8e4	kotlinx-serialization-core-jvm-1.10.0.jar | kotlinx-serialization-core-jvm-1.10.0.module
org.jetbrains.kotlinx:kotlinx-serialization-core-jvm:1.7.3	The Apache Software License, Version 2.0	https://www.apache.org/licenses/LICENSE-2.0.txt	org.jetbrains.kotlinx:kotlinx-serialization-core-jvm:1.7.3	734f5f749208dd0bef3d98caa594cf9222afdf0fee5b6843347a8fe64e240427	kotlinx-serialization-core-jvm-1.7.3.jar | kotlinx-serialization-core-jvm-1.7.3.module
org.jetbrains.kotlinx:kotlinx-serialization-core-jvm:1.8.1	Apache-2.0	https://www.apache.org/licenses/LICENSE-2.0.txt	org.jetbrains.kotlinx:kotlinx-serialization-core-jvm:1.8.1	446655e8d43828bfbb387ce9d151a9371a3092b48b909e80606b53fc58979e28	kotlinx-serialization-core-jvm-1.8.1.jar | kotlinx-serialization-core-jvm-1.8.1.module
org.jetbrains.kotlinx:kotlinx-serialization-json:1.10.0	Apache-2.0	https://www.apache.org/licenses/LICENSE-2.0.txt	org.jetbrains.kotlinx:kotlinx-serialization-json:1.10.0	fae5e7b44ea219bdeace84a50bff32d3ac7f6dd19be4a8e24536e1833c54a0d6	kotlinx-serialization-json-1.10.0.module
org.jetbrains.kotlinx:kotlinx-serialization-json:1.8.1	Apache-2.0	https://www.apache.org/licenses/LICENSE-2.0.txt	org.jetbrains.kotlinx:kotlinx-serialization-json:1.8.1	c7700c99c83de02b46541a3d7e4b69b388749b7c0f57dceb454d143f2cd87a7b	kotlinx-serialization-json-1.8.1.module
org.jetbrains.kotlinx:kotlinx-serialization-json-jvm:1.10.0	Apache-2.0	https://www.apache.org/licenses/LICENSE-2.0.txt	org.jetbrains.kotlinx:kotlinx-serialization-json-jvm:1.10.0	786ca9c81c3c7ec53d924bb236a008f214c2c096d1317dc9f7b378ecd10fd5cd	kotlinx-serialization-json-jvm-1.10.0.jar | kotlinx-serialization-json-jvm-1.10.0.module
org.jetbrains.kotlinx:kotlinx-serialization-json-jvm:1.8.1	Apache-2.0	https://www.apache.org/licenses/LICENSE-2.0.txt	org.jetbrains.kotlinx:kotlinx-serialization-json-jvm:1.8.1	d665d6b41fe058f666a6f386ad2e49cc101ef8fd2eefefefcbc111e91ee82436	kotlinx-serialization-json-jvm-1.8.1.jar | kotlinx-serialization-json-jvm-1.8.1.module
org.jspecify:jspecify:1.0.0	The Apache License, Version 2.0	http://www.apache.org/licenses/LICENSE-2.0.txt	org.jspecify:jspecify:1.0.0	cdab929a3b95211f43d2090c5e2d0dfe8465960e378bc32b35841dab324433a6	jspecify-1.0.0.jar | jspecify-1.0.0.module
org.junit:junit-bom:5.10.2	Eclipse Public License v2.0	https://www.eclipse.org/legal/epl-v20.html	org.junit:junit-bom:5.10.2	169dd904a4b0f6520cffe658cc62292bfe9f3c14a989fa92120724cde43a9968	junit-bom-5.10.2.module | junit-bom-5.10.2.pom
org.junit:junit-bom:5.11.0-M2	Eclipse Public License v2.0	https://www.eclipse.org/legal/epl-v20.html	org.junit:junit-bom:5.11.0-M2	4a3ffc4a4edcfec2cb5d619922706a9407161798571939f854dfda73e4e17cc8	junit-bom-5.11.0-M2.module | junit-bom-5.11.0-M2.pom
org.junit:junit-bom:5.9.2	Eclipse Public License v2.0	https://www.eclipse.org/legal/epl-v20.html	org.junit:junit-bom:5.9.2	2ed07d65845131f5336a86476c9a4056b59d0b58b9815ab3679bb0f36f35f705	junit-bom-5.9.2.pom
org.jvnet.staxex:stax-ex:1.8.1	Eclipse Distribution License - v 1.0	http://www.eclipse.org/org/documents/edl-v10.php	org.jvnet.staxex:stax-ex:1.8.1	8fc84f36ce6da6ce8c893b6538199a7f69a69a0706d9b17a3ee6a3a09452eed6	stax-ex-1.8.1.jar | stax-ex-1.8.1.pom
org.ow2:ow2:1.5.1	The Apache Software License, Version 2.0	http://www.apache.org/licenses/LICENSE-2.0.txt	org.ow2:ow2:1.5.1	321ddbb7ee6fe4f53dea6b4cd6db74154d6bfa42391c1f763b361b9f485acf05	ow2-1.5.1.pom
org.ow2.asm:asm:9.9	BSD-3-Clause	https://asm.ow2.io/license.html	org.ow2.asm:asm:9.9	cf861ef1e745d57154af79ae14df340ed5341e5dcd0157cefcd2eb7f1aa05c57	asm-9.9.jar | asm-9.9.pom
org.ow2.asm:asm:9.9.1	BSD-3-Clause	https://asm.ow2.io/license.html	org.ow2.asm:asm:9.9.1	aca68dee9ba2f6cd90ffde728efdc7e3ebfcf59f3f41fbfe248d2d01d5b866af	asm-9.9.1.jar | asm-9.9.1.pom
org.ow2.asm:asm-analysis:9.9	BSD-3-Clause	https://asm.ow2.io/license.html	org.ow2.asm:asm-analysis:9.9	909f24a710c728e0e5d643ec0b4834a63cb3d30022100d583d5dd6a26e35cda6	asm-analysis-9.9.jar | asm-analysis-9.9.pom
org.ow2.asm:asm-bom:9.9	BSD-3-Clause	https://asm.ow2.io/license.html	org.ow2.asm:asm-bom:9.9	0fa27336fa7b62923ca9bdc69526ebe712a3bfb1f7ee8bf76c4a0b3f85f19d62	asm-bom-9.9.pom
org.ow2.asm:asm-commons:9.9	BSD-3-Clause	https://asm.ow2.io/license.html	org.ow2.asm:asm-commons:9.9	18a5d3ef1377e7544b3ca3210f261396b987f6010ef591d3872adae63119ee43	asm-commons-9.9.jar | asm-commons-9.9.pom
org.ow2.asm:asm-tree:9.9	BSD-3-Clause	https://asm.ow2.io/license.html	org.ow2.asm:asm-tree:9.9	d01788ed8e6e8e24acaf6cb4a7bdcc2733416252faa00232959e3e2e9df1bf44	asm-tree-9.9.jar | asm-tree-9.9.pom
org.ow2.asm:asm-tree:9.9.1	BSD-3-Clause	https://asm.ow2.io/license.html	org.ow2.asm:asm-tree:9.9.1	67fee446ba512871300738f0f956f61a500a852f6861ff70f0a3c7bf0c0fa405	asm-tree-9.9.1.jar | asm-tree-9.9.1.pom
org.ow2.asm:asm-util:9.9	BSD-3-Clause	https://asm.ow2.io/license.html	org.ow2.asm:asm-util:9.9	a98593fda1c53a9e70d7660f416720e308d24db8e1c456fa17e76ba78d272b6b	asm-util-9.9.jar | asm-util-9.9.pom
org.slf4j:slf4j-api:1.7.30	MIT License	http://www.opensource.org/licenses/mit-license.php	org.slf4j:slf4j-parent:1.7.30	7e0747751e9b67e19dcb5206f04ea22cc03d250c422426402eadd03513f2c314	slf4j-api-1.7.30.jar | slf4j-api-1.7.30.pom
org.slf4j:slf4j-parent:1.7.30	MIT License	http://www.opensource.org/licenses/mit-license.php	org.slf4j:slf4j-parent:1.7.30	11647956e48a0c5bfb3ac33f6da7e83f341002b6857efd335a505b687be34b75	slf4j-parent-1.7.30.pom
org.sonatype.oss:oss-parent:7	No explicit POM license; metadata-only review required		org.sonatype.oss:oss-parent:7	b51f8867c92b6a722499557fc3a1fdea77bdf9ef574722fe90ce436a29559454	oss-parent-7.pom
org.sonatype.oss:oss-parent:9	No explicit POM license; metadata-only review required		org.sonatype.oss:oss-parent:9	fb40265f982548212ff82e362e59732b2187ec6f0d80182885c14ef1f982827a	oss-parent-9.pom
org.tensorflow:tensorflow-lite-metadata:0.2.0	The Apache Software License, Version 2.0	http://www.apache.org/licenses/LICENSE-2.0.txt	org.tensorflow:tensorflow-lite-metadata:0.2.0	0fe31326e83b7622cbcd9c75d467b291f01ffe3cc6e3e76651ac05a1c1c7a360	tensorflow-lite-metadata-0.2.0.jar | tensorflow-lite-metadata-0.2.0.pom
org.xerial:sqlite-jdbc:3.41.2.2	The Apache Software License, Version 2.0	https://www.apache.org/licenses/LICENSE-2.0.txt	org.xerial:sqlite-jdbc:3.41.2.2	ae11a3b11dcbac1b6403689e3fd8d82b2ceea55e82dbfc4bb32aededf8ccac8e	sqlite-jdbc-3.41.2.2.jar | sqlite-jdbc-3.41.2.2.pom
